https://tieba.baidu.com/p/5821841429,https://tieba.baidu.comhttp://tiebapic.baidu.com/forum/wh%3D214%2C90/sign=3b6350f7512309f7e73aa510433a20ca/f803738da9773912c732c002ef198618367ae2b9.jpg
https://tieba.baidu.com/p/5821841429,https://tieba.baidu.comhttp://tiebapic.baidu.com/forum/wh%3D214%2C90/sign=edb8a110ba4bd1130498bf306b9b8836/3e4e251f95cad1c882abb944683e6709c93d5144.jpg
https://tieba.baidu.com/p/5821841429,https://tieba.baidu.comhttp://tiebapic.baidu.com/forum/wh%3D90%2C160%3Bcrop%3D0%2C0%2C90%2C90/sign=458d578fc600baa1ba794fb2773c8824/6281800a19d8bc3e6b859ca9958ba61ea9d345c0.jpg
https://tieba.baidu.com/p/5821841429,https://tieba.baidu.comhttp://tiebapic.baidu.com/forum/wh%3D186%2C90/sign=1d3f016624fa828bd17695e2c5296d0d/b2119313b07eca80c439bc84862397dda1448391.jpg
https://tieba.baidu.com/p/5821841429,https://tieba.baidu.comhttp://tiebapic.baidu.com/forum/wh%3D186%2C90/sign=826760451e24ab18e043e9360dcccaf4/8c5494eef01f3a29fdf450ad8e25bc315c607c91.jpg
https://tieba.baidu.com/p/5821841429,https://tieba.baidu.comhttp://tiebapic.baidu.com/forum/wh%3D90%2C119%3Bcrop%3D0%2C0%2C90%2C90/sign=4803802915087bf47db95fe0c2ff661d/c1fc1e178a82b9011f067c51648da9773912ef2d.jpg
https://tieba.baidu.com/p/5821841429,https://tieba.baidu.comhttp://tiebapic.baidu.com/forum/wh%3D90%2C130%3Bcrop%3D0%2C0%2C90%2C90/sign=39b51d8fb644ad342eea8f8ee08e3dc7/2634349b033b5bb5617c9f9c21d3d539b600bc2d.jpg
https://tieba.baidu.com/p/5821841429,https://tieba.baidu.comhttp://tiebapic.baidu.com/forum/wh%3D90%2C114%3Bcrop%3D0%2C0%2C90%2C90/sign=d2b55706414e9258a6618ee7acaee069/db628535e5dde7114b79fc94b0efce1b9d16612d.jpg
https://tieba.baidu.com/p/5821841429,https://tieba.baidu.comhttp://tiebapic.baidu.com/forum/wh%3D90%2C120%3Bcrop%3D0%2C0%2C90%2C90/sign=51353676ab315c6043c063e6bd9dfa21/38d12f2eb9389b50fe097a319235e5dde6116edb.jpg
https://tieba.baidu.com/p/5821841429,https://tieba.baidu.comhttp://tiebapic.baidu.com/forum/wh%3D90%2C160%3Bcrop%3D0%2C0%2C90%2C90/sign=c44206bcd91b9d168a929268c3f285b9/b07eca8065380cd723a7368eb644ad345982811c.jpg
https://tieba.baidu.com/p/5821841429,https://tieba.baidu.comhttp://tiebapic.baidu.com/forum/wh%3D90%2C160%3Bcrop%3D0%2C0%2C90%2C90/sign=9f0fe643ae12c8fcb4a6fec4cc2fa373/0923dd54564e92583c8d128d8b82d158ccbf4e1c.jpg
https://tieba.baidu.com/p/5821841429,https://tieba.baidu.comhttp://tiebapic.baidu.com/forum/wh%3D90%2C160%3Bcrop%3D0%2C0%2C90%2C90/sign=93c0e2fa9526cffc697fb7bb892d7ba6/51da81cb39dbb6fd76e371451e24ab18972b371c.jpg
https://tieba.baidu.com/p/5821841429,https://tieba.baidu.comhttp://tiebapic.baidu.com/forum/wh%3D90%2C132%3Bcrop%3D0%2C0%2C90%2C90/sign=d90467c6c643ad4ba67b4ec9b22e6b9c/8994a4c27d1ed21b0ec3b486ba6eddc451da3f4e.jpg
https://tieba.baidu.com/p/5821841429,https://tieba.baidu.comhttp://tiebapic.baidu.com/forum/wh%3D159%2C90/sign=d2343edcb7ec08fa26551ba66cd71154/0d4f78f0f736afc35c06a506a419ebc4b745124e.jpg
https://tieba.baidu.com/p/5821841429,https://tieba.baidu.comhttp://tiebapic.baidu.com/forum/wh%3D159%2C90/sign=c803f6d1a5b7d0a27b9c0c9cfed65a30/5bfbb2fb43166d222a7d8ff7512309f79052d24f.jpg
https://tieba.baidu.com/p/5821841429,https://tieba.baidu.comhttps://imgsa.baidu.com/forum/wh%3D90%2C195%3Bcrop%3D0%2C0%2C90%2C90/sign=9af441c72da446237e9fad6ba80e4337/b699a9014c086e06ea4304f60f087bf40bd1cba0.jpg
https://tieba.baidu.com/p/5821841429,https://tieba.baidu.comhttps://imgsa.baidu.com/forum/wh%3D90%2C195%3Bcrop%3D0%2C0%2C90%2C90/sign=b5bf0e643401213fcf6646d564cb07e8/e750352ac65c10386becf47fbf119313b17e89f8.jpg
https://tieba.baidu.com/p/5821841429,https://tieba.baidu.comhttps://imgsa.baidu.com/forum/wh%3D90%2C195%3Bcrop%3D0%2C0%2C90%2C90/sign=e12f14c15c0fd9f9a0425d601501e513/aeec08fa513d2697533933e058fbb2fb4216d8a0.jpg
https://tieba.baidu.com/p/5821841429,https://tieba.baidu.comhttp://tiebapic.baidu.com/forum/wh%3D160%2C90/sign=f11b3e5419f41bd5da06e0f567eaadf2/9725bc315c6034a8d2da61fedc13495409237691.jpg
https://tieba.baidu.com/p/5821841429,https://tieba.baidu.comhttp://tiebapic.baidu.com/forum/wh%3D133%2C90/sign=c094e3c7b3c27d1ea57333c528e68157/9725bc315c6034a84a74e9e2dc1349540923763a.jpg
https://tieba.baidu.com/p/5821841429,https://tieba.baidu.comhttp://tiebapic.baidu.com/forum/wh%3D90%2C111%3Bcrop%3D0%2C0%2C90%2C90/sign=0b7216c7c643ad4ba67b4ec9b22e6b9e/d100baa1cd11728b95516740dffcc3cec3fd2c50.jpg
https://tieba.baidu.com/p/5821841429,https://tieba.baidu.comhttp://tiebapic.baidu.com/forum/wh%3D136%2C90/sign=0726ea8eb644ad342eea8f86e39420cd/f2d3572c11dfa9ec1c161e7475d0f703918fc19d.jpg
https://tieba.baidu.com/p/5821841429,https://tieba.baidu.comhttp://tiebapic.baidu.com/forum/wh%3D120%2C90/sign=f03d7184862397ddd62c90056bb29e8e/62d9f2d3572c11df3ce9f740742762d0f703c29d.jpg
https://tieba.baidu.com/p/5821841429,https://tieba.baidu.comhttp://tiebapic.baidu.com/forum/wh%3D185%2C90/sign=efe01c10c609b3deebeaec69f48a40b8/d539b6003af33a8750febb62d15c10385343b533.jpg
https://tieba.baidu.com/p/5821841429,https://tieba.baidu.comhttp://tiebapic.baidu.com/forum/wh%3D90%2C111%3Bcrop%3D0%2C0%2C90%2C90/sign=60a2ad06a419ebc4c02d7e90b20afecd/da0735fae6cd7b8987c2a8e0182442a7d9330e22.jpg
https://tieba.baidu.com/p/5821841429,https://tieba.baidu.comhttp://tiebapic.baidu.com/forum/wh%3D90%2C200%3Bcrop%3D0%2C0%2C90%2C90/sign=a0ad1e41dffcc3ceb495c13aa269e4b8/3dfa828ba61ea8d31aa2e667800a304e241f58d5.jpg
https://tieba.baidu.com/p/5821841429,https://tieba.baidu.comhttp://tiebapic.baidu.com/forum/wh%3D90%2C200%3Bcrop%3D0%2C0%2C90%2C90/sign=8013bd1f460fd9f9a0425d601501e61a/57ee3d6d55fbb2fb28fdca71584a20a44723dcfb.jpg
https://tieba.baidu.com/p/5821841429,https://tieba.baidu.comhttp://tiebapic.baidu.com/forum/wh%3D90%2C116%3Bcrop%3D0%2C0%2C90%2C90/sign=8b9a02525b086e066afd374232244ac5/a40f4bfbfbedab64304cd3a3e036afc379311e92.jpg
https://tieba.baidu.com/p/5821841429,https://tieba.baidu.comhttp://tiebapic.baidu.com/forum/wh%3D90%2C126%3Bcrop%3D0%2C0%2C90%2C90/sign=6c302c17fcf81a4c2667e4c0e706516b/4c086e061d950a7b620bd0a71dd162d9f2d3c993.jpg
https://tieba.baidu.com/p/5821841429,https://tieba.baidu.comhttp://tiebapic.baidu.com/forum/wh%3D373%2C90/sign=b8258779d15c1038242bc6c18522bf2a/277f9e2f070828384e455b77af99a9014c08f10d.jpg
https://tieba.baidu.com/p/5821841429,https://tieba.baidu.comhttps://imgsa.baidu.com/forum/wh%3D200%2C90%3B/sign=8ace32be71ec54e741b9121c8908b769/b44317950a7b0208d005806168d9f2d3562cc82c.jpg
https://tieba.baidu.com/p/5821841429,https://tieba.baidu.comhttps://imgsa.baidu.com/forum/wh%3D160%2C90/sign=fe25df6b76f40ad115b1cfe2611c3de6/4ca7d933c895d14359150c707ef082025aaf0706.jpg
https://tieba.baidu.com/p/5821841429,https://tieba.baidu.comhttps://imgsa.baidu.com/forum/wh%3D160%2C90/sign=afa748a9dcc8a786be7f420f5139e504/b60e7bec54e736d1a596645b96504fc2d46269d8.jpg
https://tieba.baidu.com/p/5821841429,https://tieba.baidu.comhttps://imgsa.baidu.com/forum/wh%3D165%2C90/sign=65cc3e69594e9258a6618eefaab7fd61/6b380cd7912397ddcdab4e095682b2b7d1a287e9.jpg
https://tieba.baidu.com/p/5821841429,https://tieba.baidu.comhttps://imgsa.baidu.com/forum/wh%3D134%2C90/sign=2600bd58c3ea15ce41bbe808853416ca/60061d950a7b02085ecfec3c68d9f2d3562cc8ed.jpg
https://tieba.baidu.com/p/5821841429,https://tieba.baidu.comhttps://imgsa.baidu.com/forum/wh%3D90%2C135%3Bcrop%3D0%2C0%2C90%2C90/sign=7ccb5c4cc711728b3078842bf8d0f2fd/9282d158ccbf6c812dc1ff35b63eb13532fa407d.jpg
https://tieba.baidu.com/p/5821841429,https://tieba.baidu.comhttps://imgsa.baidu.com/forum/wh%3D137%2C90/sign=e15a23fe43540923aa3c6b7fa16ffd30/6b380cd7912397ddcdaf45d95382b2b7d1a2871d.jpg
https://tieba.baidu.com/p/5821841429,https://tieba.baidu.comhttp://tiebapic.baidu.com/forum/wh%3D90%2C129%3Bcrop%3D0%2C0%2C90%2C90/sign=1dfac080382eb938ec3872fbe54eb407/c85c10385343fbf2fb0c6542a77eca8065388fab.jpg
https://tieba.baidu.com/p/5821841429,https://tieba.baidu.comhttp://tiebapic.baidu.com/forum/wh%3D90%2C90%3Bcrop%3D0%2C0%2C90%2C90/sign=428076996ccb0a46857783305b4fcf14/20738bd4b31c8701eff82685307f9e2f0708ff03.jpg
https://tieba.baidu.com/p/5821841429,https://tieba.baidu.comhttp://tiebapic.baidu.com/forum/wh%3D90%2C118%3Bcrop%3D0%2C0%2C90%2C90/sign=76a23dd1c658ccbf1be9bd3329f48d0f/8b35e5dde71190efb3ba06bcd91b9d16fdfa6014.jpg
https://tieba.baidu.com/p/5821841429,https://tieba.baidu.comhttp://tiebapic.baidu.com/forum/wh%3D195%2C90/sign=4fcd2e17fcf81a4c2667e4c8ee1f4c60/387adab44aed2e73c82a1a4f9001a18b86d6fa96.jpg
https://tieba.baidu.com/p/5821841429,https://tieba.baidu.comhttp://tiebapic.baidu.com/forum/wh%3D195%2C90/sign=78201ddc9b5494ee8777071814c0ccc7/0d3b5bb5c9ea15cebd2d7c6aa1003af33b87b296.jpg
https://tieba.baidu.com/p/5821841429,https://tieba.baidu.comhttp://tiebapic.baidu.com/forum/wh%3D90%2C135%3Bcrop%3D0%2C0%2C90%2C90/sign=bd144fafd4cec3fd8b6baf7ce6a4e50c/17d8bc3eb13533fa868d214dbfd3fd1f41345b9d.jpg
https://tieba.baidu.com/p/5821841429,https://tieba.baidu.comhttp://tiebapic.baidu.com/forum/wh%3D90%2C116%3Bcrop%3D0%2C0%2C90%2C90/sign=3f53344afcc4b74534c1bf1fffd02f26/de160924ab18972be101b2a9f1cd7b899e510a9d.jpg
https://tieba.baidu.com/p/5821841429,https://tieba.baidu.comhttp://tiebapic.baidu.com/forum/wh%3D195%2C90/sign=9506b352363fb80e0c8469d60fe40317/7c0e0cf3d7ca7bcb9ea9784ca9096b63f724a887.jpg
https://tieba.baidu.com/p/5821841429,https://tieba.baidu.comhttp://tiebapic.baidu.com/forum/wh%3D120%2C90/sign=76cd1b8d8b82d158bbd751b0b23a35e1/dea20cf431adcbefd1cde365bbaf2edda2cc9fdc.jpg
https://tieba.baidu.com/p/5821841429,https://tieba.baidu.comhttps://imgsa.baidu.com/forum/wh%3D151%2C90/sign=d871a9048918367aaddc77dc1b42a7ed/731ed21b0ef41bd5c54e8cd95eda81cb39db3df9.jpg
https://tieba.baidu.com/p/5821841429,https://tieba.baidu.comhttp://tiebapic.baidu.com/forum/wh%3D90%2C104%3Bcrop%3D0%2C0%2C90%2C90/sign=54c74180402c11dfde84b72a530b53e0/be51f8198618367aecaaf9be39738bd4b31ce5b6.jpg
https://tieba.baidu.com/p/5821841429,https://tieba.baidu.comhttp://tiebapic.baidu.com/forum/wh%3D160%2C90/sign=020c7bafd4cec3fd8b6baf74e0b8f806/f3faaf51f3deb48f374a27bde71f3a292df578b6.jpg
https://tieba.baidu.com/p/5821841429,https://tieba.baidu.comhttp://tiebapic.baidu.com/forum/wh%3D166%2C90/sign=982605532df33a879e38081bf06a3c01/047b02087bf40ad12fc64180402c11dfa9ecceb7.jpg
https://tieba.baidu.com/p/5821841429,https://tieba.baidu.comhttp://tiebapic.baidu.com/forum/wh%3D90%2C154%3Bcrop%3D0%2C0%2C90%2C90/sign=74155b996ccb0a46857783305b4fc711/6cd9f2d3572c11dfd10a0640742762d0f603c2fe.jpg
https://tieba.baidu.com/p/5821841429,https://tieba.baidu.comhttp://tiebapic.baidu.com/forum/wh%3D90%2C155%3Bcrop%3D0%2C0%2C90%2C90/sign=803b2f9f6bd98d10768104381113893b/b8003af33a87e9509bcc4a0f07385343faf2b4fe.jpg
https://tieba.baidu.com/p/5821841429,https://tieba.baidu.comhttp://tiebapic.baidu.com/forum/wh%3D90%2C120%3Bcrop%3D0%2C0%2C90%2C90/sign=2560645aa4de9c82a630f1865cadb138/7bec54e736d12f2e0e002e0358c2d56285356848.jpg
https://tieba.baidu.com/p/5821841429,https://tieba.baidu.comhttp://tiebapic.baidu.com/forum/wh%3D144%2C90/sign=a5f477d95010b912bf94fefff7c9d03a/9316fdfaaf51f3dedc6a890683eef01f3b2979f3.jpg
https://tieba.baidu.com/p/5821841429,https://tieba.baidu.comhttp://tiebapic.baidu.com/forum/wh%3D200%2C90%3B/sign=17c09b58dffcc3ceb495c131a275fab1/825494eef01f3a297d25c2b48e25bc315d607cde.jpg
https://tieba.baidu.com/p/5821841429,https://tieba.baidu.comhttp://tiebapic.baidu.com/forum/wh%3D90%2C99%3Bcrop%3D0%2C0%2C90%2C90/sign=400f4f793f34349b7453668cf9c62cf7/047b02087bf40ad107fb6980402c11dfa9ecceb2.jpg
https://tieba.baidu.com/p/5821841429,https://tieba.baidu.comhttps://imgsa.baidu.com/forum/wh%3D160%2C90/sign=ac6dddd9b212c8fcb4a6feccca33be7c/c01b9d16fdfaaf512d382e46875494eef11f7a74.jpg
https://tieba.baidu.com/p/5821841429,https://tieba.baidu.comhttps://imgsa.baidu.com/forum/wh%3D215%2C90/sign=7f2ef74fc0fc1e17fdea84337ba5da3a/cdcec3fdfc039245ea0fa1568894a4c27d1e2534.jpg
https://tieba.baidu.com/p/5821841429,https://tieba.baidu.comhttps://imgsa.baidu.com/forum/wh%3D164%2C90/sign=7717836a7c8da9774e7a8e2a8665d420/cdfdfc039245d688e9b8f2fdabc27d1ed21b2434.jpg
https://tieba.baidu.com/p/5821841429,https://tieba.baidu.comhttp://tiebapic.baidu.com/forum/wh%3D90%2C160%3Bcrop%3D0%2C0%2C90%2C90/sign=ebd47f026ff0f736d8ab44083a79822f/de160924ab18972b94b749b7f1cd7b899e510a39.jpg
https://tieba.baidu.com/p/6561740788,https://tieba.baidu.comhttp://tiebapic.baidu.com/forum/wh%3D214%2C90/sign=3b6350f7512309f7e73aa510433a20ca/f803738da9773912c732c002ef198618367ae2b9.jpg
https://tieba.baidu.com/p/6561740788,https://tieba.baidu.comhttp://tiebapic.baidu.com/forum/wh%3D214%2C90/sign=edb8a110ba4bd1130498bf306b9b8836/3e4e251f95cad1c882abb944683e6709c93d5144.jpg
https://tieba.baidu.com/p/6561740788,https://tieba.baidu.comhttp://tiebapic.baidu.com/forum/wh%3D90%2C160%3Bcrop%3D0%2C0%2C90%2C90/sign=458d578fc600baa1ba794fb2773c8824/6281800a19d8bc3e6b859ca9958ba61ea9d345c0.jpg
https://tieba.baidu.com/p/6561740788,https://tieba.baidu.comhttp://tiebapic.baidu.com/forum/wh%3D186%2C90/sign=1d3f016624fa828bd17695e2c5296d0d/b2119313b07eca80c439bc84862397dda1448391.jpg
https://tieba.baidu.com/p/6561740788,https://tieba.baidu.comhttp://tiebapic.baidu.com/forum/wh%3D186%2C90/sign=826760451e24ab18e043e9360dcccaf4/8c5494eef01f3a29fdf450ad8e25bc315c607c91.jpg
https://tieba.baidu.com/p/6561740788,https://tieba.baidu.comhttp://tiebapic.baidu.com/forum/wh%3D90%2C119%3Bcrop%3D0%2C0%2C90%2C90/sign=4803802915087bf47db95fe0c2ff661d/c1fc1e178a82b9011f067c51648da9773912ef2d.jpg
https://tieba.baidu.com/p/6561740788,https://tieba.baidu.comhttp://tiebapic.baidu.com/forum/wh%3D90%2C130%3Bcrop%3D0%2C0%2C90%2C90/sign=39b51d8fb644ad342eea8f8ee08e3dc7/2634349b033b5bb5617c9f9c21d3d539b600bc2d.jpg
https://tieba.baidu.com/p/6561740788,https://tieba.baidu.comhttp://tiebapic.baidu.com/forum/wh%3D90%2C114%3Bcrop%3D0%2C0%2C90%2C90/sign=d2b55706414e9258a6618ee7acaee069/db628535e5dde7114b79fc94b0efce1b9d16612d.jpg
https://tieba.baidu.com/p/6561740788,https://tieba.baidu.comhttp://tiebapic.baidu.com/forum/wh%3D90%2C120%3Bcrop%3D0%2C0%2C90%2C90/sign=51353676ab315c6043c063e6bd9dfa21/38d12f2eb9389b50fe097a319235e5dde6116edb.jpg
https://tieba.baidu.com/p/6561740788,https://tieba.baidu.comhttp://tiebapic.baidu.com/forum/wh%3D90%2C160%3Bcrop%3D0%2C0%2C90%2C90/sign=c44206bcd91b9d168a929268c3f285b9/b07eca8065380cd723a7368eb644ad345982811c.jpg
https://tieba.baidu.com/p/6561740788,https://tieba.baidu.comhttp://tiebapic.baidu.com/forum/wh%3D90%2C160%3Bcrop%3D0%2C0%2C90%2C90/sign=9f0fe643ae12c8fcb4a6fec4cc2fa373/0923dd54564e92583c8d128d8b82d158ccbf4e1c.jpg
https://tieba.baidu.com/p/6561740788,https://tieba.baidu.comhttp://tiebapic.baidu.com/forum/wh%3D90%2C160%3Bcrop%3D0%2C0%2C90%2C90/sign=93c0e2fa9526cffc697fb7bb892d7ba6/51da81cb39dbb6fd76e371451e24ab18972b371c.jpg
https://tieba.baidu.com/p/6561740788,https://tieba.baidu.comhttp://tiebapic.baidu.com/forum/wh%3D90%2C132%3Bcrop%3D0%2C0%2C90%2C90/sign=d90467c6c643ad4ba67b4ec9b22e6b9c/8994a4c27d1ed21b0ec3b486ba6eddc451da3f4e.jpg
https://tieba.baidu.com/p/6561740788,https://tieba.baidu.comhttp://tiebapic.baidu.com/forum/wh%3D159%2C90/sign=d2343edcb7ec08fa26551ba66cd71154/0d4f78f0f736afc35c06a506a419ebc4b745124e.jpg
https://tieba.baidu.com/p/6561740788,https://tieba.baidu.comhttp://tiebapic.baidu.com/forum/wh%3D159%2C90/sign=c803f6d1a5b7d0a27b9c0c9cfed65a30/5bfbb2fb43166d222a7d8ff7512309f79052d24f.jpg
https://tieba.baidu.com/p/6561740788,https://tieba.baidu.comhttps://imgsa.baidu.com/forum/wh%3D90%2C195%3Bcrop%3D0%2C0%2C90%2C90/sign=9af441c72da446237e9fad6ba80e4337/b699a9014c086e06ea4304f60f087bf40bd1cba0.jpg
https://tieba.baidu.com/p/6561740788,https://tieba.baidu.comhttps://imgsa.baidu.com/forum/wh%3D90%2C195%3Bcrop%3D0%2C0%2C90%2C90/sign=b5bf0e643401213fcf6646d564cb07e8/e750352ac65c10386becf47fbf119313b17e89f8.jpg
https://tieba.baidu.com/p/6561740788,https://tieba.baidu.comhttps://imgsa.baidu.com/forum/wh%3D90%2C195%3Bcrop%3D0%2C0%2C90%2C90/sign=e12f14c15c0fd9f9a0425d601501e513/aeec08fa513d2697533933e058fbb2fb4216d8a0.jpg
https://tieba.baidu.com/p/6561740788,https://tieba.baidu.comhttp://tiebapic.baidu.com/forum/wh%3D160%2C90/sign=f11b3e5419f41bd5da06e0f567eaadf2/9725bc315c6034a8d2da61fedc13495409237691.jpg
https://tieba.baidu.com/p/6561740788,https://tieba.baidu.comhttp://tiebapic.baidu.com/forum/wh%3D133%2C90/sign=c094e3c7b3c27d1ea57333c528e68157/9725bc315c6034a84a74e9e2dc1349540923763a.jpg
https://tieba.baidu.com/p/6561740788,https://tieba.baidu.comhttp://tiebapic.baidu.com/forum/wh%3D90%2C111%3Bcrop%3D0%2C0%2C90%2C90/sign=0b7216c7c643ad4ba67b4ec9b22e6b9e/d100baa1cd11728b95516740dffcc3cec3fd2c50.jpg
https://tieba.baidu.com/p/6561740788,https://tieba.baidu.comhttp://tiebapic.baidu.com/forum/wh%3D136%2C90/sign=0726ea8eb644ad342eea8f86e39420cd/f2d3572c11dfa9ec1c161e7475d0f703918fc19d.jpg
https://tieba.baidu.com/p/6561740788,https://tieba.baidu.comhttp://tiebapic.baidu.com/forum/wh%3D120%2C90/sign=f03d7184862397ddd62c90056bb29e8e/62d9f2d3572c11df3ce9f740742762d0f703c29d.jpg
https://tieba.baidu.com/p/6561740788,https://tieba.baidu.comhttp://tiebapic.baidu.com/forum/wh%3D185%2C90/sign=efe01c10c609b3deebeaec69f48a40b8/d539b6003af33a8750febb62d15c10385343b533.jpg
https://tieba.baidu.com/p/6561740788,https://tieba.baidu.comhttp://tiebapic.baidu.com/forum/wh%3D90%2C111%3Bcrop%3D0%2C0%2C90%2C90/sign=60a2ad06a419ebc4c02d7e90b20afecd/da0735fae6cd7b8987c2a8e0182442a7d9330e22.jpg
https://tieba.baidu.com/p/6561740788,https://tieba.baidu.comhttp://tiebapic.baidu.com/forum/wh%3D90%2C200%3Bcrop%3D0%2C0%2C90%2C90/sign=a0ad1e41dffcc3ceb495c13aa269e4b8/3dfa828ba61ea8d31aa2e667800a304e241f58d5.jpg
https://tieba.baidu.com/p/6561740788,https://tieba.baidu.comhttp://tiebapic.baidu.com/forum/wh%3D90%2C200%3Bcrop%3D0%2C0%2C90%2C90/sign=8013bd1f460fd9f9a0425d601501e61a/57ee3d6d55fbb2fb28fdca71584a20a44723dcfb.jpg
https://tieba.baidu.com/p/6561740788,https://tieba.baidu.comhttp://tiebapic.baidu.com/forum/wh%3D90%2C116%3Bcrop%3D0%2C0%2C90%2C90/sign=8b9a02525b086e066afd374232244ac5/a40f4bfbfbedab64304cd3a3e036afc379311e92.jpg
https://tieba.baidu.com/p/6561740788,https://tieba.baidu.comhttp://tiebapic.baidu.com/forum/wh%3D90%2C126%3Bcrop%3D0%2C0%2C90%2C90/sign=6c302c17fcf81a4c2667e4c0e706516b/4c086e061d950a7b620bd0a71dd162d9f2d3c993.jpg
https://tieba.baidu.com/p/6561740788,https://tieba.baidu.comhttp://tiebapic.baidu.com/forum/wh%3D373%2C90/sign=b8258779d15c1038242bc6c18522bf2a/277f9e2f070828384e455b77af99a9014c08f10d.jpg
https://tieba.baidu.com/p/6561740788,https://tieba.baidu.comhttps://imgsa.baidu.com/forum/wh%3D200%2C90%3B/sign=8ace32be71ec54e741b9121c8908b769/b44317950a7b0208d005806168d9f2d3562cc82c.jpg
https://tieba.baidu.com/p/6561740788,https://tieba.baidu.comhttps://imgsa.baidu.com/forum/wh%3D160%2C90/sign=fe25df6b76f40ad115b1cfe2611c3de6/4ca7d933c895d14359150c707ef082025aaf0706.jpg
https://tieba.baidu.com/p/6561740788,https://tieba.baidu.comhttps://imgsa.baidu.com/forum/wh%3D160%2C90/sign=afa748a9dcc8a786be7f420f5139e504/b60e7bec54e736d1a596645b96504fc2d46269d8.jpg
https://tieba.baidu.com/p/6561740788,https://tieba.baidu.comhttps://imgsa.baidu.com/forum/wh%3D165%2C90/sign=65cc3e69594e9258a6618eefaab7fd61/6b380cd7912397ddcdab4e095682b2b7d1a287e9.jpg
https://tieba.baidu.com/p/6561740788,https://tieba.baidu.comhttps://imgsa.baidu.com/forum/wh%3D134%2C90/sign=2600bd58c3ea15ce41bbe808853416ca/60061d950a7b02085ecfec3c68d9f2d3562cc8ed.jpg
https://tieba.baidu.com/p/6561740788,https://tieba.baidu.comhttps://imgsa.baidu.com/forum/wh%3D90%2C135%3Bcrop%3D0%2C0%2C90%2C90/sign=7ccb5c4cc711728b3078842bf8d0f2fd/9282d158ccbf6c812dc1ff35b63eb13532fa407d.jpg
https://tieba.baidu.com/p/6561740788,https://tieba.baidu.comhttps://imgsa.baidu.com/forum/wh%3D137%2C90/sign=e15a23fe43540923aa3c6b7fa16ffd30/6b380cd7912397ddcdaf45d95382b2b7d1a2871d.jpg
https://tieba.baidu.com/p/6561740788,https://tieba.baidu.comhttp://tiebapic.baidu.com/forum/wh%3D90%2C129%3Bcrop%3D0%2C0%2C90%2C90/sign=1dfac080382eb938ec3872fbe54eb407/c85c10385343fbf2fb0c6542a77eca8065388fab.jpg
https://tieba.baidu.com/p/6561740788,https://tieba.baidu.comhttp://tiebapic.baidu.com/forum/wh%3D90%2C90%3Bcrop%3D0%2C0%2C90%2C90/sign=428076996ccb0a46857783305b4fcf14/20738bd4b31c8701eff82685307f9e2f0708ff03.jpg
https://tieba.baidu.com/p/6561740788,https://tieba.baidu.comhttp://tiebapic.baidu.com/forum/wh%3D90%2C118%3Bcrop%3D0%2C0%2C90%2C90/sign=76a23dd1c658ccbf1be9bd3329f48d0f/8b35e5dde71190efb3ba06bcd91b9d16fdfa6014.jpg
https://tieba.baidu.com/p/6561740788,https://tieba.baidu.comhttp://tiebapic.baidu.com/forum/wh%3D195%2C90/sign=4fcd2e17fcf81a4c2667e4c8ee1f4c60/387adab44aed2e73c82a1a4f9001a18b86d6fa96.jpg
https://tieba.baidu.com/p/6561740788,https://tieba.baidu.comhttp://tiebapic.baidu.com/forum/wh%3D195%2C90/sign=78201ddc9b5494ee8777071814c0ccc7/0d3b5bb5c9ea15cebd2d7c6aa1003af33b87b296.jpg
https://tieba.baidu.com/p/6561740788,https://tieba.baidu.comhttp://tiebapic.baidu.com/forum/wh%3D90%2C135%3Bcrop%3D0%2C0%2C90%2C90/sign=bd144fafd4cec3fd8b6baf7ce6a4e50c/17d8bc3eb13533fa868d214dbfd3fd1f41345b9d.jpg
https://tieba.baidu.com/p/6561740788,https://tieba.baidu.comhttp://tiebapic.baidu.com/forum/wh%3D90%2C116%3Bcrop%3D0%2C0%2C90%2C90/sign=3f53344afcc4b74534c1bf1fffd02f26/de160924ab18972be101b2a9f1cd7b899e510a9d.jpg
https://tieba.baidu.com/p/6561740788,https://tieba.baidu.comhttp://tiebapic.baidu.com/forum/wh%3D195%2C90/sign=9506b352363fb80e0c8469d60fe40317/7c0e0cf3d7ca7bcb9ea9784ca9096b63f724a887.jpg
https://tieba.baidu.com/p/6561740788,https://tieba.baidu.comhttp://tiebapic.baidu.com/forum/wh%3D120%2C90/sign=76cd1b8d8b82d158bbd751b0b23a35e1/dea20cf431adcbefd1cde365bbaf2edda2cc9fdc.jpg
https://tieba.baidu.com/p/6561740788,https://tieba.baidu.comhttps://imgsa.baidu.com/forum/wh%3D151%2C90/sign=d871a9048918367aaddc77dc1b42a7ed/731ed21b0ef41bd5c54e8cd95eda81cb39db3df9.jpg
https://tieba.baidu.com/p/6561740788,https://tieba.baidu.comhttp://tiebapic.baidu.com/forum/wh%3D90%2C104%3Bcrop%3D0%2C0%2C90%2C90/sign=54c74180402c11dfde84b72a530b53e0/be51f8198618367aecaaf9be39738bd4b31ce5b6.jpg
https://tieba.baidu.com/p/6561740788,https://tieba.baidu.comhttp://tiebapic.baidu.com/forum/wh%3D160%2C90/sign=020c7bafd4cec3fd8b6baf74e0b8f806/f3faaf51f3deb48f374a27bde71f3a292df578b6.jpg
https://tieba.baidu.com/p/6561740788,https://tieba.baidu.comhttp://tiebapic.baidu.com/forum/wh%3D166%2C90/sign=982605532df33a879e38081bf06a3c01/047b02087bf40ad12fc64180402c11dfa9ecceb7.jpg
https://tieba.baidu.com/p/6561740788,https://tieba.baidu.comhttp://tiebapic.baidu.com/forum/wh%3D90%2C154%3Bcrop%3D0%2C0%2C90%2C90/sign=74155b996ccb0a46857783305b4fc711/6cd9f2d3572c11dfd10a0640742762d0f603c2fe.jpg
https://tieba.baidu.com/p/6561740788,https://tieba.baidu.comhttp://tiebapic.baidu.com/forum/wh%3D90%2C155%3Bcrop%3D0%2C0%2C90%2C90/sign=803b2f9f6bd98d10768104381113893b/b8003af33a87e9509bcc4a0f07385343faf2b4fe.jpg
https://tieba.baidu.com/p/6561740788,https://tieba.baidu.comhttp://tiebapic.baidu.com/forum/wh%3D90%2C120%3Bcrop%3D0%2C0%2C90%2C90/sign=2560645aa4de9c82a630f1865cadb138/7bec54e736d12f2e0e002e0358c2d56285356848.jpg
https://tieba.baidu.com/p/6561740788,https://tieba.baidu.comhttp://tiebapic.baidu.com/forum/wh%3D144%2C90/sign=a5f477d95010b912bf94fefff7c9d03a/9316fdfaaf51f3dedc6a890683eef01f3b2979f3.jpg
https://tieba.baidu.com/p/6561740788,https://tieba.baidu.comhttp://tiebapic.baidu.com/forum/wh%3D200%2C90%3B/sign=17c09b58dffcc3ceb495c131a275fab1/825494eef01f3a297d25c2b48e25bc315d607cde.jpg
https://tieba.baidu.com/p/6561740788,https://tieba.baidu.comhttp://tiebapic.baidu.com/forum/wh%3D90%2C99%3Bcrop%3D0%2C0%2C90%2C90/sign=400f4f793f34349b7453668cf9c62cf7/047b02087bf40ad107fb6980402c11dfa9ecceb2.jpg
https://tieba.baidu.com/p/6561740788,https://tieba.baidu.comhttps://imgsa.baidu.com/forum/wh%3D160%2C90/sign=ac6dddd9b212c8fcb4a6feccca33be7c/c01b9d16fdfaaf512d382e46875494eef11f7a74.jpg
https://tieba.baidu.com/p/6561740788,https://tieba.baidu.comhttps://imgsa.baidu.com/forum/wh%3D215%2C90/sign=7f2ef74fc0fc1e17fdea84337ba5da3a/cdcec3fdfc039245ea0fa1568894a4c27d1e2534.jpg
https://tieba.baidu.com/p/6561740788,https://tieba.baidu.comhttps://imgsa.baidu.com/forum/wh%3D164%2C90/sign=7717836a7c8da9774e7a8e2a8665d420/cdfdfc039245d688e9b8f2fdabc27d1ed21b2434.jpg
https://tieba.baidu.com/p/6561740788,https://tieba.baidu.comhttp://tiebapic.baidu.com/forum/wh%3D90%2C160%3Bcrop%3D0%2C0%2C90%2C90/sign=ebd47f026ff0f736d8ab44083a79822f/de160924ab18972b94b749b7f1cd7b899e510a39.jpg
https://tieba.baidu.com/p/6500465367,https://tieba.baidu.comhttp://tiebapic.baidu.com/forum/wh%3D214%2C90/sign=3b6350f7512309f7e73aa510433a20ca/f803738da9773912c732c002ef198618367ae2b9.jpg
https://tieba.baidu.com/p/6500465367,https://tieba.baidu.comhttp://tiebapic.baidu.com/forum/wh%3D214%2C90/sign=edb8a110ba4bd1130498bf306b9b8836/3e4e251f95cad1c882abb944683e6709c93d5144.jpg
https://tieba.baidu.com/p/6500465367,https://tieba.baidu.comhttp://tiebapic.baidu.com/forum/wh%3D90%2C160%3Bcrop%3D0%2C0%2C90%2C90/sign=458d578fc600baa1ba794fb2773c8824/6281800a19d8bc3e6b859ca9958ba61ea9d345c0.jpg
https://tieba.baidu.com/p/6500465367,https://tieba.baidu.comhttp://tiebapic.baidu.com/forum/wh%3D186%2C90/sign=1d3f016624fa828bd17695e2c5296d0d/b2119313b07eca80c439bc84862397dda1448391.jpg
https://tieba.baidu.com/p/6500465367,https://tieba.baidu.comhttp://tiebapic.baidu.com/forum/wh%3D186%2C90/sign=826760451e24ab18e043e9360dcccaf4/8c5494eef01f3a29fdf450ad8e25bc315c607c91.jpg
https://tieba.baidu.com/p/6500465367,https://tieba.baidu.comhttp://tiebapic.baidu.com/forum/wh%3D90%2C119%3Bcrop%3D0%2C0%2C90%2C90/sign=4803802915087bf47db95fe0c2ff661d/c1fc1e178a82b9011f067c51648da9773912ef2d.jpg
https://tieba.baidu.com/p/6500465367,https://tieba.baidu.comhttp://tiebapic.baidu.com/forum/wh%3D90%2C130%3Bcrop%3D0%2C0%2C90%2C90/sign=39b51d8fb644ad342eea8f8ee08e3dc7/2634349b033b5bb5617c9f9c21d3d539b600bc2d.jpg
https://tieba.baidu.com/p/6500465367,https://tieba.baidu.comhttp://tiebapic.baidu.com/forum/wh%3D90%2C114%3Bcrop%3D0%2C0%2C90%2C90/sign=d2b55706414e9258a6618ee7acaee069/db628535e5dde7114b79fc94b0efce1b9d16612d.jpg
https://tieba.baidu.com/p/6500465367,https://tieba.baidu.comhttp://tiebapic.baidu.com/forum/wh%3D90%2C120%3Bcrop%3D0%2C0%2C90%2C90/sign=51353676ab315c6043c063e6bd9dfa21/38d12f2eb9389b50fe097a319235e5dde6116edb.jpg
https://tieba.baidu.com/p/6500465367,https://tieba.baidu.comhttp://tiebapic.baidu.com/forum/wh%3D90%2C160%3Bcrop%3D0%2C0%2C90%2C90/sign=c44206bcd91b9d168a929268c3f285b9/b07eca8065380cd723a7368eb644ad345982811c.jpg
https://tieba.baidu.com/p/6500465367,https://tieba.baidu.comhttp://tiebapic.baidu.com/forum/wh%3D90%2C160%3Bcrop%3D0%2C0%2C90%2C90/sign=9f0fe643ae12c8fcb4a6fec4cc2fa373/0923dd54564e92583c8d128d8b82d158ccbf4e1c.jpg
https://tieba.baidu.com/p/6500465367,https://tieba.baidu.comhttp://tiebapic.baidu.com/forum/wh%3D90%2C160%3Bcrop%3D0%2C0%2C90%2C90/sign=93c0e2fa9526cffc697fb7bb892d7ba6/51da81cb39dbb6fd76e371451e24ab18972b371c.jpg
https://tieba.baidu.com/p/6500465367,https://tieba.baidu.comhttp://tiebapic.baidu.com/forum/wh%3D90%2C132%3Bcrop%3D0%2C0%2C90%2C90/sign=d90467c6c643ad4ba67b4ec9b22e6b9c/8994a4c27d1ed21b0ec3b486ba6eddc451da3f4e.jpg
https://tieba.baidu.com/p/6500465367,https://tieba.baidu.comhttp://tiebapic.baidu.com/forum/wh%3D159%2C90/sign=d2343edcb7ec08fa26551ba66cd71154/0d4f78f0f736afc35c06a506a419ebc4b745124e.jpg
https://tieba.baidu.com/p/6500465367,https://tieba.baidu.comhttp://tiebapic.baidu.com/forum/wh%3D159%2C90/sign=c803f6d1a5b7d0a27b9c0c9cfed65a30/5bfbb2fb43166d222a7d8ff7512309f79052d24f.jpg
https://tieba.baidu.com/p/6500465367,https://tieba.baidu.comhttps://imgsa.baidu.com/forum/wh%3D90%2C195%3Bcrop%3D0%2C0%2C90%2C90/sign=9af441c72da446237e9fad6ba80e4337/b699a9014c086e06ea4304f60f087bf40bd1cba0.jpg
https://tieba.baidu.com/p/6500465367,https://tieba.baidu.comhttps://imgsa.baidu.com/forum/wh%3D90%2C195%3Bcrop%3D0%2C0%2C90%2C90/sign=b5bf0e643401213fcf6646d564cb07e8/e750352ac65c10386becf47fbf119313b17e89f8.jpg
https://tieba.baidu.com/p/6500465367,https://tieba.baidu.comhttps://imgsa.baidu.com/forum/wh%3D90%2C195%3Bcrop%3D0%2C0%2C90%2C90/sign=e12f14c15c0fd9f9a0425d601501e513/aeec08fa513d2697533933e058fbb2fb4216d8a0.jpg
https://tieba.baidu.com/p/6500465367,https://tieba.baidu.comhttp://tiebapic.baidu.com/forum/wh%3D160%2C90/sign=f11b3e5419f41bd5da06e0f567eaadf2/9725bc315c6034a8d2da61fedc13495409237691.jpg
https://tieba.baidu.com/p/6500465367,https://tieba.baidu.comhttp://tiebapic.baidu.com/forum/wh%3D133%2C90/sign=c094e3c7b3c27d1ea57333c528e68157/9725bc315c6034a84a74e9e2dc1349540923763a.jpg
https://tieba.baidu.com/p/6500465367,https://tieba.baidu.comhttp://tiebapic.baidu.com/forum/wh%3D90%2C111%3Bcrop%3D0%2C0%2C90%2C90/sign=0b7216c7c643ad4ba67b4ec9b22e6b9e/d100baa1cd11728b95516740dffcc3cec3fd2c50.jpg
https://tieba.baidu.com/p/6500465367,https://tieba.baidu.comhttp://tiebapic.baidu.com/forum/wh%3D136%2C90/sign=0726ea8eb644ad342eea8f86e39420cd/f2d3572c11dfa9ec1c161e7475d0f703918fc19d.jpg
https://tieba.baidu.com/p/6500465367,https://tieba.baidu.comhttp://tiebapic.baidu.com/forum/wh%3D120%2C90/sign=f03d7184862397ddd62c90056bb29e8e/62d9f2d3572c11df3ce9f740742762d0f703c29d.jpg
https://tieba.baidu.com/p/6500465367,https://tieba.baidu.comhttp://tiebapic.baidu.com/forum/wh%3D185%2C90/sign=efe01c10c609b3deebeaec69f48a40b8/d539b6003af33a8750febb62d15c10385343b533.jpg
https://tieba.baidu.com/p/6500465367,https://tieba.baidu.comhttp://tiebapic.baidu.com/forum/wh%3D90%2C111%3Bcrop%3D0%2C0%2C90%2C90/sign=60a2ad06a419ebc4c02d7e90b20afecd/da0735fae6cd7b8987c2a8e0182442a7d9330e22.jpg
https://tieba.baidu.com/p/6500465367,https://tieba.baidu.comhttp://tiebapic.baidu.com/forum/wh%3D90%2C200%3Bcrop%3D0%2C0%2C90%2C90/sign=a0ad1e41dffcc3ceb495c13aa269e4b8/3dfa828ba61ea8d31aa2e667800a304e241f58d5.jpg
https://tieba.baidu.com/p/6500465367,https://tieba.baidu.comhttp://tiebapic.baidu.com/forum/wh%3D90%2C200%3Bcrop%3D0%2C0%2C90%2C90/sign=8013bd1f460fd9f9a0425d601501e61a/57ee3d6d55fbb2fb28fdca71584a20a44723dcfb.jpg
https://tieba.baidu.com/p/6500465367,https://tieba.baidu.comhttp://tiebapic.baidu.com/forum/wh%3D90%2C116%3Bcrop%3D0%2C0%2C90%2C90/sign=8b9a02525b086e066afd374232244ac5/a40f4bfbfbedab64304cd3a3e036afc379311e92.jpg
https://tieba.baidu.com/p/6500465367,https://tieba.baidu.comhttp://tiebapic.baidu.com/forum/wh%3D90%2C126%3Bcrop%3D0%2C0%2C90%2C90/sign=6c302c17fcf81a4c2667e4c0e706516b/4c086e061d950a7b620bd0a71dd162d9f2d3c993.jpg
https://tieba.baidu.com/p/6500465367,https://tieba.baidu.comhttp://tiebapic.baidu.com/forum/wh%3D373%2C90/sign=b8258779d15c1038242bc6c18522bf2a/277f9e2f070828384e455b77af99a9014c08f10d.jpg
https://tieba.baidu.com/p/6500465367,https://tieba.baidu.comhttps://imgsa.baidu.com/forum/wh%3D200%2C90%3B/sign=8ace32be71ec54e741b9121c8908b769/b44317950a7b0208d005806168d9f2d3562cc82c.jpg
https://tieba.baidu.com/p/6500465367,https://tieba.baidu.comhttps://imgsa.baidu.com/forum/wh%3D160%2C90/sign=fe25df6b76f40ad115b1cfe2611c3de6/4ca7d933c895d14359150c707ef082025aaf0706.jpg
https://tieba.baidu.com/p/6500465367,https://tieba.baidu.comhttps://imgsa.baidu.com/forum/wh%3D160%2C90/sign=afa748a9dcc8a786be7f420f5139e504/b60e7bec54e736d1a596645b96504fc2d46269d8.jpg
https://tieba.baidu.com/p/6500465367,https://tieba.baidu.comhttps://imgsa.baidu.com/forum/wh%3D165%2C90/sign=65cc3e69594e9258a6618eefaab7fd61/6b380cd7912397ddcdab4e095682b2b7d1a287e9.jpg
https://tieba.baidu.com/p/6500465367,https://tieba.baidu.comhttps://imgsa.baidu.com/forum/wh%3D134%2C90/sign=2600bd58c3ea15ce41bbe808853416ca/60061d950a7b02085ecfec3c68d9f2d3562cc8ed.jpg
https://tieba.baidu.com/p/6500465367,https://tieba.baidu.comhttps://imgsa.baidu.com/forum/wh%3D90%2C135%3Bcrop%3D0%2C0%2C90%2C90/sign=7ccb5c4cc711728b3078842bf8d0f2fd/9282d158ccbf6c812dc1ff35b63eb13532fa407d.jpg
https://tieba.baidu.com/p/6500465367,https://tieba.baidu.comhttps://imgsa.baidu.com/forum/wh%3D137%2C90/sign=e15a23fe43540923aa3c6b7fa16ffd30/6b380cd7912397ddcdaf45d95382b2b7d1a2871d.jpg
https://tieba.baidu.com/p/6500465367,https://tieba.baidu.comhttp://tiebapic.baidu.com/forum/wh%3D90%2C129%3Bcrop%3D0%2C0%2C90%2C90/sign=1dfac080382eb938ec3872fbe54eb407/c85c10385343fbf2fb0c6542a77eca8065388fab.jpg
https://tieba.baidu.com/p/6500465367,https://tieba.baidu.comhttp://tiebapic.baidu.com/forum/wh%3D90%2C90%3Bcrop%3D0%2C0%2C90%2C90/sign=428076996ccb0a46857783305b4fcf14/20738bd4b31c8701eff82685307f9e2f0708ff03.jpg
https://tieba.baidu.com/p/6500465367,https://tieba.baidu.comhttp://tiebapic.baidu.com/forum/wh%3D90%2C118%3Bcrop%3D0%2C0%2C90%2C90/sign=76a23dd1c658ccbf1be9bd3329f48d0f/8b35e5dde71190efb3ba06bcd91b9d16fdfa6014.jpg
https://tieba.baidu.com/p/6500465367,https://tieba.baidu.comhttp://tiebapic.baidu.com/forum/wh%3D195%2C90/sign=4fcd2e17fcf81a4c2667e4c8ee1f4c60/387adab44aed2e73c82a1a4f9001a18b86d6fa96.jpg
https://tieba.baidu.com/p/6500465367,https://tieba.baidu.comhttp://tiebapic.baidu.com/forum/wh%3D195%2C90/sign=78201ddc9b5494ee8777071814c0ccc7/0d3b5bb5c9ea15cebd2d7c6aa1003af33b87b296.jpg
https://tieba.baidu.com/p/6500465367,https://tieba.baidu.comhttp://tiebapic.baidu.com/forum/wh%3D90%2C135%3Bcrop%3D0%2C0%2C90%2C90/sign=bd144fafd4cec3fd8b6baf7ce6a4e50c/17d8bc3eb13533fa868d214dbfd3fd1f41345b9d.jpg
https://tieba.baidu.com/p/6500465367,https://tieba.baidu.comhttp://tiebapic.baidu.com/forum/wh%3D90%2C116%3Bcrop%3D0%2C0%2C90%2C90/sign=3f53344afcc4b74534c1bf1fffd02f26/de160924ab18972be101b2a9f1cd7b899e510a9d.jpg
https://tieba.baidu.com/p/6500465367,https://tieba.baidu.comhttp://tiebapic.baidu.com/forum/wh%3D195%2C90/sign=9506b352363fb80e0c8469d60fe40317/7c0e0cf3d7ca7bcb9ea9784ca9096b63f724a887.jpg
https://tieba.baidu.com/p/6500465367,https://tieba.baidu.comhttp://tiebapic.baidu.com/forum/wh%3D120%2C90/sign=76cd1b8d8b82d158bbd751b0b23a35e1/dea20cf431adcbefd1cde365bbaf2edda2cc9fdc.jpg
https://tieba.baidu.com/p/6500465367,https://tieba.baidu.comhttps://imgsa.baidu.com/forum/wh%3D151%2C90/sign=d871a9048918367aaddc77dc1b42a7ed/731ed21b0ef41bd5c54e8cd95eda81cb39db3df9.jpg
https://tieba.baidu.com/p/6500465367,https://tieba.baidu.comhttp://tiebapic.baidu.com/forum/wh%3D90%2C104%3Bcrop%3D0%2C0%2C90%2C90/sign=54c74180402c11dfde84b72a530b53e0/be51f8198618367aecaaf9be39738bd4b31ce5b6.jpg
https://tieba.baidu.com/p/6500465367,https://tieba.baidu.comhttp://tiebapic.baidu.com/forum/wh%3D160%2C90/sign=020c7bafd4cec3fd8b6baf74e0b8f806/f3faaf51f3deb48f374a27bde71f3a292df578b6.jpg
https://tieba.baidu.com/p/6500465367,https://tieba.baidu.comhttp://tiebapic.baidu.com/forum/wh%3D166%2C90/sign=982605532df33a879e38081bf06a3c01/047b02087bf40ad12fc64180402c11dfa9ecceb7.jpg
https://tieba.baidu.com/p/6500465367,https://tieba.baidu.comhttp://tiebapic.baidu.com/forum/wh%3D90%2C154%3Bcrop%3D0%2C0%2C90%2C90/sign=74155b996ccb0a46857783305b4fc711/6cd9f2d3572c11dfd10a0640742762d0f603c2fe.jpg
https://tieba.baidu.com/p/6500465367,https://tieba.baidu.comhttp://tiebapic.baidu.com/forum/wh%3D90%2C155%3Bcrop%3D0%2C0%2C90%2C90/sign=803b2f9f6bd98d10768104381113893b/b8003af33a87e9509bcc4a0f07385343faf2b4fe.jpg
https://tieba.baidu.com/p/6500465367,https://tieba.baidu.comhttp://tiebapic.baidu.com/forum/wh%3D90%2C120%3Bcrop%3D0%2C0%2C90%2C90/sign=2560645aa4de9c82a630f1865cadb138/7bec54e736d12f2e0e002e0358c2d56285356848.jpg
https://tieba.baidu.com/p/6500465367,https://tieba.baidu.comhttp://tiebapic.baidu.com/forum/wh%3D144%2C90/sign=a5f477d95010b912bf94fefff7c9d03a/9316fdfaaf51f3dedc6a890683eef01f3b2979f3.jpg
https://tieba.baidu.com/p/6500465367,https://tieba.baidu.comhttp://tiebapic.baidu.com/forum/wh%3D200%2C90%3B/sign=17c09b58dffcc3ceb495c131a275fab1/825494eef01f3a297d25c2b48e25bc315d607cde.jpg
https://tieba.baidu.com/p/6500465367,https://tieba.baidu.comhttp://tiebapic.baidu.com/forum/wh%3D90%2C99%3Bcrop%3D0%2C0%2C90%2C90/sign=400f4f793f34349b7453668cf9c62cf7/047b02087bf40ad107fb6980402c11dfa9ecceb2.jpg
https://tieba.baidu.com/p/6500465367,https://tieba.baidu.comhttps://imgsa.baidu.com/forum/wh%3D160%2C90/sign=ac6dddd9b212c8fcb4a6feccca33be7c/c01b9d16fdfaaf512d382e46875494eef11f7a74.jpg
https://tieba.baidu.com/p/6500465367,https://tieba.baidu.comhttps://imgsa.baidu.com/forum/wh%3D215%2C90/sign=7f2ef74fc0fc1e17fdea84337ba5da3a/cdcec3fdfc039245ea0fa1568894a4c27d1e2534.jpg
https://tieba.baidu.com/p/6500465367,https://tieba.baidu.comhttps://imgsa.baidu.com/forum/wh%3D164%2C90/sign=7717836a7c8da9774e7a8e2a8665d420/cdfdfc039245d688e9b8f2fdabc27d1ed21b2434.jpg
https://tieba.baidu.com/p/6500465367,https://tieba.baidu.comhttp://tiebapic.baidu.com/forum/wh%3D90%2C160%3Bcrop%3D0%2C0%2C90%2C90/sign=ebd47f026ff0f736d8ab44083a79822f/de160924ab18972b94b749b7f1cd7b899e510a39.jpg
https://tieba.baidu.com/p/6072346380,https://tieba.baidu.comhttp://tiebapic.baidu.com/forum/wh%3D214%2C90/sign=3b6350f7512309f7e73aa510433a20ca/f803738da9773912c732c002ef198618367ae2b9.jpg
https://tieba.baidu.com/p/6072346380,https://tieba.baidu.comhttp://tiebapic.baidu.com/forum/wh%3D214%2C90/sign=edb8a110ba4bd1130498bf306b9b8836/3e4e251f95cad1c882abb944683e6709c93d5144.jpg
https://tieba.baidu.com/p/6072346380,https://tieba.baidu.comhttp://tiebapic.baidu.com/forum/wh%3D90%2C160%3Bcrop%3D0%2C0%2C90%2C90/sign=458d578fc600baa1ba794fb2773c8824/6281800a19d8bc3e6b859ca9958ba61ea9d345c0.jpg
https://tieba.baidu.com/p/6072346380,https://tieba.baidu.comhttp://tiebapic.baidu.com/forum/wh%3D186%2C90/sign=1d3f016624fa828bd17695e2c5296d0d/b2119313b07eca80c439bc84862397dda1448391.jpg
https://tieba.baidu.com/p/6072346380,https://tieba.baidu.comhttp://tiebapic.baidu.com/forum/wh%3D186%2C90/sign=826760451e24ab18e043e9360dcccaf4/8c5494eef01f3a29fdf450ad8e25bc315c607c91.jpg
https://tieba.baidu.com/p/6072346380,https://tieba.baidu.comhttp://tiebapic.baidu.com/forum/wh%3D90%2C119%3Bcrop%3D0%2C0%2C90%2C90/sign=4803802915087bf47db95fe0c2ff661d/c1fc1e178a82b9011f067c51648da9773912ef2d.jpg
https://tieba.baidu.com/p/6072346380,https://tieba.baidu.comhttp://tiebapic.baidu.com/forum/wh%3D90%2C130%3Bcrop%3D0%2C0%2C90%2C90/sign=39b51d8fb644ad342eea8f8ee08e3dc7/2634349b033b5bb5617c9f9c21d3d539b600bc2d.jpg
https://tieba.baidu.com/p/6072346380,https://tieba.baidu.comhttp://tiebapic.baidu.com/forum/wh%3D90%2C114%3Bcrop%3D0%2C0%2C90%2C90/sign=d2b55706414e9258a6618ee7acaee069/db628535e5dde7114b79fc94b0efce1b9d16612d.jpg
https://tieba.baidu.com/p/6072346380,https://tieba.baidu.comhttp://tiebapic.baidu.com/forum/wh%3D90%2C120%3Bcrop%3D0%2C0%2C90%2C90/sign=51353676ab315c6043c063e6bd9dfa21/38d12f2eb9389b50fe097a319235e5dde6116edb.jpg
https://tieba.baidu.com/p/6072346380,https://tieba.baidu.comhttp://tiebapic.baidu.com/forum/wh%3D90%2C160%3Bcrop%3D0%2C0%2C90%2C90/sign=c44206bcd91b9d168a929268c3f285b9/b07eca8065380cd723a7368eb644ad345982811c.jpg
https://tieba.baidu.com/p/6072346380,https://tieba.baidu.comhttp://tiebapic.baidu.com/forum/wh%3D90%2C160%3Bcrop%3D0%2C0%2C90%2C90/sign=9f0fe643ae12c8fcb4a6fec4cc2fa373/0923dd54564e92583c8d128d8b82d158ccbf4e1c.jpg
https://tieba.baidu.com/p/6072346380,https://tieba.baidu.comhttp://tiebapic.baidu.com/forum/wh%3D90%2C160%3Bcrop%3D0%2C0%2C90%2C90/sign=93c0e2fa9526cffc697fb7bb892d7ba6/51da81cb39dbb6fd76e371451e24ab18972b371c.jpg
https://tieba.baidu.com/p/6072346380,https://tieba.baidu.comhttp://tiebapic.baidu.com/forum/wh%3D90%2C132%3Bcrop%3D0%2C0%2C90%2C90/sign=d90467c6c643ad4ba67b4ec9b22e6b9c/8994a4c27d1ed21b0ec3b486ba6eddc451da3f4e.jpg
https://tieba.baidu.com/p/6072346380,https://tieba.baidu.comhttp://tiebapic.baidu.com/forum/wh%3D159%2C90/sign=d2343edcb7ec08fa26551ba66cd71154/0d4f78f0f736afc35c06a506a419ebc4b745124e.jpg
https://tieba.baidu.com/p/6072346380,https://tieba.baidu.comhttp://tiebapic.baidu.com/forum/wh%3D159%2C90/sign=c803f6d1a5b7d0a27b9c0c9cfed65a30/5bfbb2fb43166d222a7d8ff7512309f79052d24f.jpg
https://tieba.baidu.com/p/6072346380,https://tieba.baidu.comhttps://imgsa.baidu.com/forum/wh%3D90%2C195%3Bcrop%3D0%2C0%2C90%2C90/sign=9af441c72da446237e9fad6ba80e4337/b699a9014c086e06ea4304f60f087bf40bd1cba0.jpg
https://tieba.baidu.com/p/6072346380,https://tieba.baidu.comhttps://imgsa.baidu.com/forum/wh%3D90%2C195%3Bcrop%3D0%2C0%2C90%2C90/sign=b5bf0e643401213fcf6646d564cb07e8/e750352ac65c10386becf47fbf119313b17e89f8.jpg
https://tieba.baidu.com/p/6072346380,https://tieba.baidu.comhttps://imgsa.baidu.com/forum/wh%3D90%2C195%3Bcrop%3D0%2C0%2C90%2C90/sign=e12f14c15c0fd9f9a0425d601501e513/aeec08fa513d2697533933e058fbb2fb4216d8a0.jpg
https://tieba.baidu.com/p/6072346380,https://tieba.baidu.comhttp://tiebapic.baidu.com/forum/wh%3D160%2C90/sign=f11b3e5419f41bd5da06e0f567eaadf2/9725bc315c6034a8d2da61fedc13495409237691.jpg
https://tieba.baidu.com/p/6072346380,https://tieba.baidu.comhttp://tiebapic.baidu.com/forum/wh%3D133%2C90/sign=c094e3c7b3c27d1ea57333c528e68157/9725bc315c6034a84a74e9e2dc1349540923763a.jpg
https://tieba.baidu.com/p/6072346380,https://tieba.baidu.comhttp://tiebapic.baidu.com/forum/wh%3D90%2C111%3Bcrop%3D0%2C0%2C90%2C90/sign=0b7216c7c643ad4ba67b4ec9b22e6b9e/d100baa1cd11728b95516740dffcc3cec3fd2c50.jpg
https://tieba.baidu.com/p/6072346380,https://tieba.baidu.comhttp://tiebapic.baidu.com/forum/wh%3D136%2C90/sign=0726ea8eb644ad342eea8f86e39420cd/f2d3572c11dfa9ec1c161e7475d0f703918fc19d.jpg
https://tieba.baidu.com/p/6072346380,https://tieba.baidu.comhttp://tiebapic.baidu.com/forum/wh%3D120%2C90/sign=f03d7184862397ddd62c90056bb29e8e/62d9f2d3572c11df3ce9f740742762d0f703c29d.jpg
https://tieba.baidu.com/p/6072346380,https://tieba.baidu.comhttp://tiebapic.baidu.com/forum/wh%3D185%2C90/sign=efe01c10c609b3deebeaec69f48a40b8/d539b6003af33a8750febb62d15c10385343b533.jpg
https://tieba.baidu.com/p/6072346380,https://tieba.baidu.comhttp://tiebapic.baidu.com/forum/wh%3D90%2C111%3Bcrop%3D0%2C0%2C90%2C90/sign=60a2ad06a419ebc4c02d7e90b20afecd/da0735fae6cd7b8987c2a8e0182442a7d9330e22.jpg
https://tieba.baidu.com/p/6072346380,https://tieba.baidu.comhttp://tiebapic.baidu.com/forum/wh%3D90%2C200%3Bcrop%3D0%2C0%2C90%2C90/sign=a0ad1e41dffcc3ceb495c13aa269e4b8/3dfa828ba61ea8d31aa2e667800a304e241f58d5.jpg
https://tieba.baidu.com/p/6072346380,https://tieba.baidu.comhttp://tiebapic.baidu.com/forum/wh%3D90%2C200%3Bcrop%3D0%2C0%2C90%2C90/sign=8013bd1f460fd9f9a0425d601501e61a/57ee3d6d55fbb2fb28fdca71584a20a44723dcfb.jpg
https://tieba.baidu.com/p/6072346380,https://tieba.baidu.comhttp://tiebapic.baidu.com/forum/wh%3D90%2C116%3Bcrop%3D0%2C0%2C90%2C90/sign=8b9a02525b086e066afd374232244ac5/a40f4bfbfbedab64304cd3a3e036afc379311e92.jpg
https://tieba.baidu.com/p/6072346380,https://tieba.baidu.comhttp://tiebapic.baidu.com/forum/wh%3D90%2C126%3Bcrop%3D0%2C0%2C90%2C90/sign=6c302c17fcf81a4c2667e4c0e706516b/4c086e061d950a7b620bd0a71dd162d9f2d3c993.jpg
https://tieba.baidu.com/p/6072346380,https://tieba.baidu.comhttp://tiebapic.baidu.com/forum/wh%3D373%2C90/sign=b8258779d15c1038242bc6c18522bf2a/277f9e2f070828384e455b77af99a9014c08f10d.jpg
https://tieba.baidu.com/p/6072346380,https://tieba.baidu.comhttps://imgsa.baidu.com/forum/wh%3D200%2C90%3B/sign=8ace32be71ec54e741b9121c8908b769/b44317950a7b0208d005806168d9f2d3562cc82c.jpg
https://tieba.baidu.com/p/6072346380,https://tieba.baidu.comhttps://imgsa.baidu.com/forum/wh%3D160%2C90/sign=fe25df6b76f40ad115b1cfe2611c3de6/4ca7d933c895d14359150c707ef082025aaf0706.jpg
https://tieba.baidu.com/p/6072346380,https://tieba.baidu.comhttps://imgsa.baidu.com/forum/wh%3D160%2C90/sign=afa748a9dcc8a786be7f420f5139e504/b60e7bec54e736d1a596645b96504fc2d46269d8.jpg
https://tieba.baidu.com/p/6072346380,https://tieba.baidu.comhttps://imgsa.baidu.com/forum/wh%3D165%2C90/sign=65cc3e69594e9258a6618eefaab7fd61/6b380cd7912397ddcdab4e095682b2b7d1a287e9.jpg
https://tieba.baidu.com/p/6072346380,https://tieba.baidu.comhttps://imgsa.baidu.com/forum/wh%3D134%2C90/sign=2600bd58c3ea15ce41bbe808853416ca/60061d950a7b02085ecfec3c68d9f2d3562cc8ed.jpg
https://tieba.baidu.com/p/6072346380,https://tieba.baidu.comhttps://imgsa.baidu.com/forum/wh%3D90%2C135%3Bcrop%3D0%2C0%2C90%2C90/sign=7ccb5c4cc711728b3078842bf8d0f2fd/9282d158ccbf6c812dc1ff35b63eb13532fa407d.jpg
https://tieba.baidu.com/p/6072346380,https://tieba.baidu.comhttps://imgsa.baidu.com/forum/wh%3D137%2C90/sign=e15a23fe43540923aa3c6b7fa16ffd30/6b380cd7912397ddcdaf45d95382b2b7d1a2871d.jpg
https://tieba.baidu.com/p/6072346380,https://tieba.baidu.comhttp://tiebapic.baidu.com/forum/wh%3D90%2C129%3Bcrop%3D0%2C0%2C90%2C90/sign=1dfac080382eb938ec3872fbe54eb407/c85c10385343fbf2fb0c6542a77eca8065388fab.jpg
https://tieba.baidu.com/p/6072346380,https://tieba.baidu.comhttp://tiebapic.baidu.com/forum/wh%3D90%2C90%3Bcrop%3D0%2C0%2C90%2C90/sign=428076996ccb0a46857783305b4fcf14/20738bd4b31c8701eff82685307f9e2f0708ff03.jpg
https://tieba.baidu.com/p/6072346380,https://tieba.baidu.comhttp://tiebapic.baidu.com/forum/wh%3D90%2C118%3Bcrop%3D0%2C0%2C90%2C90/sign=76a23dd1c658ccbf1be9bd3329f48d0f/8b35e5dde71190efb3ba06bcd91b9d16fdfa6014.jpg
https://tieba.baidu.com/p/6072346380,https://tieba.baidu.comhttp://tiebapic.baidu.com/forum/wh%3D195%2C90/sign=4fcd2e17fcf81a4c2667e4c8ee1f4c60/387adab44aed2e73c82a1a4f9001a18b86d6fa96.jpg
https://tieba.baidu.com/p/6072346380,https://tieba.baidu.comhttp://tiebapic.baidu.com/forum/wh%3D195%2C90/sign=78201ddc9b5494ee8777071814c0ccc7/0d3b5bb5c9ea15cebd2d7c6aa1003af33b87b296.jpg
https://tieba.baidu.com/p/6072346380,https://tieba.baidu.comhttp://tiebapic.baidu.com/forum/wh%3D90%2C135%3Bcrop%3D0%2C0%2C90%2C90/sign=bd144fafd4cec3fd8b6baf7ce6a4e50c/17d8bc3eb13533fa868d214dbfd3fd1f41345b9d.jpg
https://tieba.baidu.com/p/6072346380,https://tieba.baidu.comhttp://tiebapic.baidu.com/forum/wh%3D90%2C116%3Bcrop%3D0%2C0%2C90%2C90/sign=3f53344afcc4b74534c1bf1fffd02f26/de160924ab18972be101b2a9f1cd7b899e510a9d.jpg
https://tieba.baidu.com/p/6072346380,https://tieba.baidu.comhttp://tiebapic.baidu.com/forum/wh%3D195%2C90/sign=9506b352363fb80e0c8469d60fe40317/7c0e0cf3d7ca7bcb9ea9784ca9096b63f724a887.jpg
https://tieba.baidu.com/p/6072346380,https://tieba.baidu.comhttp://tiebapic.baidu.com/forum/wh%3D120%2C90/sign=76cd1b8d8b82d158bbd751b0b23a35e1/dea20cf431adcbefd1cde365bbaf2edda2cc9fdc.jpg
https://tieba.baidu.com/p/6072346380,https://tieba.baidu.comhttps://imgsa.baidu.com/forum/wh%3D151%2C90/sign=d871a9048918367aaddc77dc1b42a7ed/731ed21b0ef41bd5c54e8cd95eda81cb39db3df9.jpg
https://tieba.baidu.com/p/6072346380,https://tieba.baidu.comhttp://tiebapic.baidu.com/forum/wh%3D90%2C104%3Bcrop%3D0%2C0%2C90%2C90/sign=54c74180402c11dfde84b72a530b53e0/be51f8198618367aecaaf9be39738bd4b31ce5b6.jpg
https://tieba.baidu.com/p/6072346380,https://tieba.baidu.comhttp://tiebapic.baidu.com/forum/wh%3D160%2C90/sign=020c7bafd4cec3fd8b6baf74e0b8f806/f3faaf51f3deb48f374a27bde71f3a292df578b6.jpg
https://tieba.baidu.com/p/6072346380,https://tieba.baidu.comhttp://tiebapic.baidu.com/forum/wh%3D166%2C90/sign=982605532df33a879e38081bf06a3c01/047b02087bf40ad12fc64180402c11dfa9ecceb7.jpg
https://tieba.baidu.com/p/6072346380,https://tieba.baidu.comhttp://tiebapic.baidu.com/forum/wh%3D90%2C154%3Bcrop%3D0%2C0%2C90%2C90/sign=74155b996ccb0a46857783305b4fc711/6cd9f2d3572c11dfd10a0640742762d0f603c2fe.jpg
https://tieba.baidu.com/p/6072346380,https://tieba.baidu.comhttp://tiebapic.baidu.com/forum/wh%3D90%2C155%3Bcrop%3D0%2C0%2C90%2C90/sign=803b2f9f6bd98d10768104381113893b/b8003af33a87e9509bcc4a0f07385343faf2b4fe.jpg
https://tieba.baidu.com/p/6072346380,https://tieba.baidu.comhttp://tiebapic.baidu.com/forum/wh%3D90%2C120%3Bcrop%3D0%2C0%2C90%2C90/sign=2560645aa4de9c82a630f1865cadb138/7bec54e736d12f2e0e002e0358c2d56285356848.jpg
https://tieba.baidu.com/p/6072346380,https://tieba.baidu.comhttp://tiebapic.baidu.com/forum/wh%3D144%2C90/sign=a5f477d95010b912bf94fefff7c9d03a/9316fdfaaf51f3dedc6a890683eef01f3b2979f3.jpg
https://tieba.baidu.com/p/6072346380,https://tieba.baidu.comhttp://tiebapic.baidu.com/forum/wh%3D200%2C90%3B/sign=17c09b58dffcc3ceb495c131a275fab1/825494eef01f3a297d25c2b48e25bc315d607cde.jpg
https://tieba.baidu.com/p/6072346380,https://tieba.baidu.comhttp://tiebapic.baidu.com/forum/wh%3D90%2C99%3Bcrop%3D0%2C0%2C90%2C90/sign=400f4f793f34349b7453668cf9c62cf7/047b02087bf40ad107fb6980402c11dfa9ecceb2.jpg
https://tieba.baidu.com/p/6072346380,https://tieba.baidu.comhttps://imgsa.baidu.com/forum/wh%3D160%2C90/sign=ac6dddd9b212c8fcb4a6feccca33be7c/c01b9d16fdfaaf512d382e46875494eef11f7a74.jpg
https://tieba.baidu.com/p/6072346380,https://tieba.baidu.comhttps://imgsa.baidu.com/forum/wh%3D215%2C90/sign=7f2ef74fc0fc1e17fdea84337ba5da3a/cdcec3fdfc039245ea0fa1568894a4c27d1e2534.jpg
https://tieba.baidu.com/p/6072346380,https://tieba.baidu.comhttps://imgsa.baidu.com/forum/wh%3D164%2C90/sign=7717836a7c8da9774e7a8e2a8665d420/cdfdfc039245d688e9b8f2fdabc27d1ed21b2434.jpg
https://tieba.baidu.com/p/6072346380,https://tieba.baidu.comhttp://tiebapic.baidu.com/forum/wh%3D90%2C160%3Bcrop%3D0%2C0%2C90%2C90/sign=ebd47f026ff0f736d8ab44083a79822f/de160924ab18972b94b749b7f1cd7b899e510a39.jpg
https://tieba.baidu.com/p/5821841429,http://tiebapic.baidu.com/forum/wh%3D214%2C90/sign=3b6350f7512309f7e73aa510433a20ca/f803738da9773912c732c002ef198618367ae2b9.jpg
https://tieba.baidu.com/p/5821841429,http://tiebapic.baidu.com/forum/wh%3D214%2C90/sign=3b6350f7512309f7e73aa510433a20ca/f803738da9773912c732c002ef198618367ae2b9.jpg
https://tieba.baidu.com/p/5821841429,http://tiebapic.baidu.com/forum/wh%3D90%2C160%3Bcrop%3D0%2C0%2C90%2C90/sign=abd4f3c3e103738dde1f042b83378167/0924ab18972bd407272f5f9e6c899e510eb309ec.jpg
https://tieba.baidu.com/p/5821841429,http://tiebapic.baidu.com/forum/wh%3D214%2C90/sign=3b6350f7512309f7e73aa510433a20ca/f803738da9773912c732c002ef198618367ae2b9.jpg
https://tieba.baidu.com/p/5821841429,http://tiebapic.baidu.com/forum/wh%3D214%2C90/sign=edb8a110ba4bd1130498bf306b9b8836/3e4e251f95cad1c882abb944683e6709c93d5144.jpg
https://tieba.baidu.com/p/5821841429,http://tiebapic.baidu.com/forum/wh%3D90%2C160%3Bcrop%3D0%2C0%2C90%2C90/sign=abd4f3c3e103738dde1f042b83378167/0924ab18972bd407272f5f9e6c899e510eb309ec.jpg
https://tieba.baidu.com/p/5821841429,http://tiebapic.baidu.com/forum/wh%3D90%2C160%3Bcrop%3D0%2C0%2C90%2C90/sign=458d578fc600baa1ba794fb2773c8824/6281800a19d8bc3e6b859ca9958ba61ea9d345c0.jpg
https://tieba.baidu.com/p/5821841429,http://tiebapic.baidu.com/forum/wh%3D186%2C90/sign=1d3f016624fa828bd17695e2c5296d0d/3fadcbef76094b360dae9e8eb4cc7cd98d109d91.jpg
https://tieba.baidu.com/p/5821841429,http://tiebapic.baidu.com/forum/wh%3D186%2C90/sign=826760451e24ab18e043e9360dcccaf4/0723dd54564e92580108038d8b82d158ccbf4e91.jpg
https://tieba.baidu.com/p/5821841429,http://tiebapic.baidu.com/forum/wh%3D90%2C119%3Bcrop%3D0%2C0%2C90%2C90/sign=4803802915087bf47db95fe0c2ff661d/4bfbfbedab64034f2d667d64b8c379310a551d2c.jpg
https://tieba.baidu.com/p/5821841429,http://tiebapic.baidu.com/forum/wh%3D90%2C130%3Bcrop%3D0%2C0%2C90%2C90/sign=39b51d8fb644ad342eea8f8ee08e3dc7/be096b63f6246b60a4a50d16fcf81a4c510fa22d.jpg
https://tieba.baidu.com/p/5821841429,http://tiebapic.baidu.com/forum/wh%3D90%2C114%3Bcrop%3D0%2C0%2C90%2C90/sign=d2b55706414e9258a6618ee7acaee069/a3cc7cd98d1001e9e297ab6daf0e7bec54e7972d.jpg
https://tieba.baidu.com/p/5821841429,http://tiebapic.baidu.com/forum/wh%3D90%2C120%3Bcrop%3D0%2C0%2C90%2C90/sign=51353676ab315c6043c063e6bd9dfa21/38d12f2eb9389b50fe097a319235e5dde6116edb.jpg
https://tieba.baidu.com/p/5821841429,http://tiebapic.baidu.com/forum/wh%3D90%2C160%3Bcrop%3D0%2C0%2C90%2C90/sign=c44206bcd91b9d168a929268c3f285b9/b07eca8065380cd723a7368eb644ad345982811c.jpg
https://tieba.baidu.com/p/5821841429,http://tiebapic.baidu.com/forum/wh%3D90%2C160%3Bcrop%3D0%2C0%2C90%2C90/sign=9f0fe643ae12c8fcb4a6fec4cc2fa373/0923dd54564e92583c8d128d8b82d158ccbf4e1c.jpg
https://tieba.baidu.com/p/5821841429,http://tiebapic.baidu.com/forum/wh%3D90%2C160%3Bcrop%3D0%2C0%2C90%2C90/sign=93c0e2fa9526cffc697fb7bb892d7ba6/51da81cb39dbb6fd76e371451e24ab18972b371c.jpg
https://tieba.baidu.com/p/5821841429,http://tiebapic.baidu.com/forum/wh%3D90%2C132%3Bcrop%3D0%2C0%2C90%2C90/sign=d90467c6c643ad4ba67b4ec9b22e6b9c/8994a4c27d1ed21b0ec3b486ba6eddc451da3f4e.jpg
https://tieba.baidu.com/p/5821841429,http://tiebapic.baidu.com/forum/wh%3D159%2C90/sign=d2343edcb7ec08fa26551ba66cd71154/0d4f78f0f736afc35c06a506a419ebc4b745124e.jpg
https://tieba.baidu.com/p/5821841429,http://tiebapic.baidu.com/forum/wh%3D159%2C90/sign=c803f6d1a5b7d0a27b9c0c9cfed65a30/5bfbb2fb43166d222a7d8ff7512309f79052d24f.jpg
https://tieba.baidu.com/p/5821841429,https://imgsa.baidu.com/forum/wh%3D90%2C195%3Bcrop%3D0%2C0%2C90%2C90/sign=9af441c72da446237e9fad6ba80e4337/b699a9014c086e06ea4304f60f087bf40bd1cba0.jpg
https://tieba.baidu.com/p/5821841429,https://imgsa.baidu.com/forum/wh%3D90%2C195%3Bcrop%3D0%2C0%2C90%2C90/sign=b5bf0e643401213fcf6646d564cb07e8/e750352ac65c10386becf47fbf119313b17e89f8.jpg
https://tieba.baidu.com/p/5821841429,https://imgsa.baidu.com/forum/wh%3D90%2C195%3Bcrop%3D0%2C0%2C90%2C90/sign=e12f14c15c0fd9f9a0425d601501e513/aeec08fa513d2697533933e058fbb2fb4216d8a0.jpg
https://tieba.baidu.com/p/5821841429,http://tiebapic.baidu.com/forum/wh%3D90%2C119%3Bcrop%3D0%2C0%2C90%2C90/sign=9aeb1aa0c0ca7bcb7d2ecf268e255a52/8bd4b31c8701a18b6f33312c892f07082938fefd.jpg
https://tieba.baidu.com/p/5821841429,http://tiebapic.baidu.com/forum/wh%3D186%2C90/sign=fbc4235b79061d957d133f3943c226e8/0ef41bd5ad6eddc4031fee982edbb6fd536633dc.jpg
https://tieba.baidu.com/p/5821841429,http://tiebapic.baidu.com/forum/wh%3D186%2C90/sign=03e20d83e003918fd78435cb690b0aae/35fae6cd7b899e516f76607755a7d933c9950ddc.jpg
https://tieba.baidu.com/p/5821841429,http://tiebapic.baidu.com/forum/wh%3D90%2C119%3Bcrop%3D0%2C0%2C90%2C90/sign=9aeb1aa0c0ca7bcb7d2ecf268e255a52/8bd4b31c8701a18b6f33312c892f07082938fefd.jpg
https://tieba.baidu.com/p/5821841429,http://tiebapic.baidu.com/forum/wh%3D214%2C90/sign=3b6350f7512309f7e73aa510433a20ca/f803738da9773912c732c002ef198618367ae2b9.jpg
https://tieba.baidu.com/p/5821841429,http://tiebapic.baidu.com/forum/wh%3D214%2C90/sign=edb8a110ba4bd1130498bf306b9b8836/3e4e251f95cad1c882abb944683e6709c93d5144.jpg
https://tieba.baidu.com/p/5821841429,http://tiebapic.baidu.com/forum/wh%3D90%2C160%3Bcrop%3D0%2C0%2C90%2C90/sign=abd4f3c3e103738dde1f042b83378167/0924ab18972bd407272f5f9e6c899e510eb309ec.jpg
https://tieba.baidu.com/p/5821841429,http://tiebapic.baidu.com/forum/wh%3D90%2C160%3Bcrop%3D0%2C0%2C90%2C90/sign=458d578fc600baa1ba794fb2773c8824/6281800a19d8bc3e6b859ca9958ba61ea9d345c0.jpg
https://tieba.baidu.com/p/5821841429,http://tiebapic.baidu.com/forum/wh%3D186%2C90/sign=1d3f016624fa828bd17695e2c5296d0d/3fadcbef76094b360dae9e8eb4cc7cd98d109d91.jpg
https://tieba.baidu.com/p/5821841429,http://tiebapic.baidu.com/forum/wh%3D186%2C90/sign=826760451e24ab18e043e9360dcccaf4/0723dd54564e92580108038d8b82d158ccbf4e91.jpg
https://tieba.baidu.com/p/5821841429,http://tiebapic.baidu.com/forum/wh%3D90%2C119%3Bcrop%3D0%2C0%2C90%2C90/sign=4803802915087bf47db95fe0c2ff661d/4bfbfbedab64034f2d667d64b8c379310a551d2c.jpg
https://tieba.baidu.com/p/5821841429,http://tiebapic.baidu.com/forum/wh%3D90%2C130%3Bcrop%3D0%2C0%2C90%2C90/sign=39b51d8fb644ad342eea8f8ee08e3dc7/be096b63f6246b60a4a50d16fcf81a4c510fa22d.jpg
https://tieba.baidu.com/p/5821841429,http://tiebapic.baidu.com/forum/wh%3D90%2C114%3Bcrop%3D0%2C0%2C90%2C90/sign=d2b55706414e9258a6618ee7acaee069/a3cc7cd98d1001e9e297ab6daf0e7bec54e7972d.jpg
https://tieba.baidu.com/p/5821841429,http://tiebapic.baidu.com/forum/wh%3D90%2C120%3Bcrop%3D0%2C0%2C90%2C90/sign=51353676ab315c6043c063e6bd9dfa21/38d12f2eb9389b50fe097a319235e5dde6116edb.jpg
https://tieba.baidu.com/p/5821841429,http://tiebapic.baidu.com/forum/wh%3D90%2C160%3Bcrop%3D0%2C0%2C90%2C90/sign=c44206bcd91b9d168a929268c3f285b9/b07eca8065380cd723a7368eb644ad345982811c.jpg
https://tieba.baidu.com/p/5821841429,http://tiebapic.baidu.com/forum/wh%3D90%2C160%3Bcrop%3D0%2C0%2C90%2C90/sign=9f0fe643ae12c8fcb4a6fec4cc2fa373/0923dd54564e92583c8d128d8b82d158ccbf4e1c.jpg
https://tieba.baidu.com/p/5821841429,http://tiebapic.baidu.com/forum/wh%3D90%2C160%3Bcrop%3D0%2C0%2C90%2C90/sign=93c0e2fa9526cffc697fb7bb892d7ba6/51da81cb39dbb6fd76e371451e24ab18972b371c.jpg
https://tieba.baidu.com/p/5821841429,http://tiebapic.baidu.com/forum/wh%3D90%2C132%3Bcrop%3D0%2C0%2C90%2C90/sign=d90467c6c643ad4ba67b4ec9b22e6b9c/8994a4c27d1ed21b0ec3b486ba6eddc451da3f4e.jpg
https://tieba.baidu.com/p/5821841429,http://tiebapic.baidu.com/forum/wh%3D159%2C90/sign=d2343edcb7ec08fa26551ba66cd71154/0d4f78f0f736afc35c06a506a419ebc4b745124e.jpg
https://tieba.baidu.com/p/5821841429,http://tiebapic.baidu.com/forum/wh%3D159%2C90/sign=c803f6d1a5b7d0a27b9c0c9cfed65a30/5bfbb2fb43166d222a7d8ff7512309f79052d24f.jpg
https://tieba.baidu.com/p/5821841429,https://imgsa.baidu.com/forum/wh%3D90%2C195%3Bcrop%3D0%2C0%2C90%2C90/sign=9af441c72da446237e9fad6ba80e4337/b699a9014c086e06ea4304f60f087bf40bd1cba0.jpg
https://tieba.baidu.com/p/5821841429,https://imgsa.baidu.com/forum/wh%3D90%2C195%3Bcrop%3D0%2C0%2C90%2C90/sign=b5bf0e643401213fcf6646d564cb07e8/e750352ac65c10386becf47fbf119313b17e89f8.jpg
https://tieba.baidu.com/p/5821841429,https://imgsa.baidu.com/forum/wh%3D90%2C195%3Bcrop%3D0%2C0%2C90%2C90/sign=e12f14c15c0fd9f9a0425d601501e513/aeec08fa513d2697533933e058fbb2fb4216d8a0.jpg
https://tieba.baidu.com/p/5821841429,http://tiebapic.baidu.com/forum/wh%3D160%2C90/sign=f11b3e5419f41bd5da06e0f567eaadf2/76c6a7efce1b9d1671ff431ee4deb48f8c546491.jpg
https://tieba.baidu.com/p/5821841429,http://tiebapic.baidu.com/forum/wh%3D133%2C90/sign=c094e3c7b3c27d1ea57333c528e68157/76c6a7efce1b9d16e951cb02e4deb48f8c54643a.jpg
https://tieba.baidu.com/p/5821841429,http://tiebapic.baidu.com/forum/wh%3D90%2C111%3Bcrop%3D0%2C0%2C90%2C90/sign=0b7216c7c643ad4ba67b4ec9b22e6b9e/aac27d1ed21b0ef4c994733ccac451da81cb3e50.jpg
https://tieba.baidu.com/p/5821841429,http://tiebapic.baidu.com/forum/wh%3D136%2C90/sign=0726ea8eb644ad342eea8f86e39420cd/336d55fbb2fb4316fb27321937a4462309f7d39d.jpg
https://tieba.baidu.com/p/5821841429,http://tiebapic.baidu.com/forum/wh%3D120%2C90/sign=f03d7184862397ddd62c90056bb29e8e/57ee3d6d55fbb2fbd6131071584a20a44623dc9d.jpg
https://tieba.baidu.com/p/5821841429,http://tiebapic.baidu.com/forum/wh%3D185%2C90/sign=efe01c10c609b3deebeaec69f48a40b8/d539b6003af33a8750febb62d15c10385343b533.jpg
https://tieba.baidu.com/p/5821841429,http://tiebapic.baidu.com/forum/wh%3D90%2C111%3Bcrop%3D0%2C0%2C90%2C90/sign=60a2ad06a419ebc4c02d7e90b20afecd/d21b0ef41bd5ad6ec457f68996cb39dbb6fd3c22.jpg
https://tieba.baidu.com/p/5821841429,http://tiebapic.baidu.com/forum/wh%3D90%2C200%3Bcrop%3D0%2C0%2C90%2C90/sign=a0ad1e41dffcc3ceb495c13aa269e4b8/0923dd54564e925836b4148d8b82d158cdbf4ed5.jpg
https://tieba.baidu.com/p/5821841429,http://tiebapic.baidu.com/forum/wh%3D90%2C200%3Bcrop%3D0%2C0%2C90%2C90/sign=8013bd1f460fd9f9a0425d601501e61a/62d9f2d3572c11dfc2072d40742762d0f603c2fb.jpg
https://tieba.baidu.com/p/5821841429,http://tiebapic.baidu.com/forum/wh%3D90%2C116%3Bcrop%3D0%2C0%2C90%2C90/sign=8b9a02525b086e066afd374232244ac5/8c26cffc1e178a828a02e1c3e103738da977e893.jpg
https://tieba.baidu.com/p/5821841429,http://tiebapic.baidu.com/forum/wh%3D90%2C126%3Bcrop%3D0%2C0%2C90%2C90/sign=6c302c17fcf81a4c2667e4c0e706516b/6cd0f703918fa0ec68f9fa6e319759ee3d6ddb93.jpg
https://tieba.baidu.com/p/5821841429,http://tiebapic.baidu.com/forum/wh%3D373%2C90/sign=b8258779d15c1038242bc6c18522bf2a/04d162d9f2d3572c40aa1bbf9d13632762d0c30d.jpg
https://tieba.baidu.com/p/5821841429,https://imgsa.baidu.com/forum/wh%3D200%2C90%3B/sign=8ace32be71ec54e741b9121c8908b769/b44317950a7b0208d005806168d9f2d3562cc82c.jpg
https://tieba.baidu.com/p/5821841429,https://imgsa.baidu.com/forum/wh%3D160%2C90/sign=fe25df6b76f40ad115b1cfe2611c3de6/4ca7d933c895d14359150c707ef082025aaf0706.jpg
https://tieba.baidu.com/p/5821841429,https://imgsa.baidu.com/forum/wh%3D160%2C90/sign=afa748a9dcc8a786be7f420f5139e504/b60e7bec54e736d1a596645b96504fc2d46269d8.jpg
https://tieba.baidu.com/p/5821841429,https://imgsa.baidu.com/forum/wh%3D165%2C90/sign=65cc3e69594e9258a6618eefaab7fd61/d539b6003af33a8785bfd617c95c10385243b5e9.jpg
https://tieba.baidu.com/p/5821841429,https://imgsa.baidu.com/forum/wh%3D134%2C90/sign=2600bd58c3ea15ce41bbe808853416ca/60061d950a7b02085ecfec3c68d9f2d3562cc8ed.jpg
https://tieba.baidu.com/p/5821841429,https://imgsa.baidu.com/forum/wh%3D90%2C135%3Bcrop%3D0%2C0%2C90%2C90/sign=7ccb5c4cc711728b3078842bf8d0f2fd/9282d158ccbf6c812dc1ff35b63eb13532fa407d.jpg
https://tieba.baidu.com/p/5821841429,https://imgsa.baidu.com/forum/wh%3D137%2C90/sign=e15a23fe43540923aa3c6b7fa16ffd30/6b380cd7912397ddcdaf45d95382b2b7d1a2871d.jpg
https://tieba.baidu.com/p/5821841429,http://tiebapic.baidu.com/forum/wh%3D90%2C129%3Bcrop%3D0%2C0%2C90%2C90/sign=1dfac080382eb938ec3872fbe54eb407/c85c10385343fbf2fb0c6542a77eca8065388fab.jpg
https://tieba.baidu.com/p/5821841429,http://tiebapic.baidu.com/forum/wh%3D90%2C90%3Bcrop%3D0%2C0%2C90%2C90/sign=428076996ccb0a46857783305b4fcf14/20738bd4b31c8701eff82685307f9e2f0708ff03.jpg
https://tieba.baidu.com/p/5821841429,http://tiebapic.baidu.com/forum/wh%3D90%2C118%3Bcrop%3D0%2C0%2C90%2C90/sign=76a23dd1c658ccbf1be9bd3329f48d0f/8b35e5dde71190efb3ba06bcd91b9d16fdfa6014.jpg
https://tieba.baidu.com/p/5821841429,http://tiebapic.baidu.com/forum/wh%3D195%2C90/sign=4fcd2e17fcf81a4c2667e4c8ee1f4c60/387adab44aed2e73c82a1a4f9001a18b86d6fa96.jpg
https://tieba.baidu.com/p/5821841429,http://tiebapic.baidu.com/forum/wh%3D195%2C90/sign=78201ddc9b5494ee8777071814c0ccc7/0d3b5bb5c9ea15cebd2d7c6aa1003af33b87b296.jpg
https://tieba.baidu.com/p/5821841429,http://tiebapic.baidu.com/forum/wh%3D90%2C135%3Bcrop%3D0%2C0%2C90%2C90/sign=bd144fafd4cec3fd8b6baf7ce6a4e50c/17d8bc3eb13533fa868d214dbfd3fd1f41345b9d.jpg
https://tieba.baidu.com/p/5821841429,http://tiebapic.baidu.com/forum/wh%3D90%2C116%3Bcrop%3D0%2C0%2C90%2C90/sign=3f53344afcc4b74534c1bf1fffd02f26/de160924ab18972be101b2a9f1cd7b899e510a9d.jpg
https://tieba.baidu.com/p/5821841429,http://tiebapic.baidu.com/forum/wh%3D195%2C90/sign=9506b352363fb80e0c8469d60fe40317/7c0e0cf3d7ca7bcb9ea9784ca9096b63f724a887.jpg
https://tieba.baidu.com/p/5821841429,http://tiebapic.baidu.com/forum/wh%3D120%2C90/sign=76cd1b8d8b82d158bbd751b0b23a35e1/dea20cf431adcbefd1cde365bbaf2edda2cc9fdc.jpg
https://tieba.baidu.com/p/5821841429,https://imgsa.baidu.com/forum/wh%3D151%2C90/sign=d871a9048918367aaddc77dc1b42a7ed/731ed21b0ef41bd5c54e8cd95eda81cb39db3df9.jpg
https://tieba.baidu.com/p/5821841429,http://tiebapic.baidu.com/forum/wh%3D90%2C104%3Bcrop%3D0%2C0%2C90%2C90/sign=54c74180402c11dfde84b72a530b53e0/be51f8198618367aecaaf9be39738bd4b31ce5b6.jpg
https://tieba.baidu.com/p/5821841429,http://tiebapic.baidu.com/forum/wh%3D160%2C90/sign=020c7bafd4cec3fd8b6baf74e0b8f806/f3faaf51f3deb48f374a27bde71f3a292df578b6.jpg
https://tieba.baidu.com/p/5821841429,http://tiebapic.baidu.com/forum/wh%3D166%2C90/sign=982605532df33a879e38081bf06a3c01/047b02087bf40ad12fc64180402c11dfa9ecceb7.jpg
https://tieba.baidu.com/p/5821841429,http://tiebapic.baidu.com/forum/wh%3D90%2C154%3Bcrop%3D0%2C0%2C90%2C90/sign=74155b996ccb0a46857783305b4fc711/6cd9f2d3572c11dfd10a0640742762d0f603c2fe.jpg
https://tieba.baidu.com/p/5821841429,http://tiebapic.baidu.com/forum/wh%3D90%2C155%3Bcrop%3D0%2C0%2C90%2C90/sign=803b2f9f6bd98d10768104381113893b/b8003af33a87e9509bcc4a0f07385343faf2b4fe.jpg
https://tieba.baidu.com/p/5821841429,http://tiebapic.baidu.com/forum/wh%3D90%2C120%3Bcrop%3D0%2C0%2C90%2C90/sign=2560645aa4de9c82a630f1865cadb138/c01b9d16fdfaaf5144e601dc9b5494eef01f7a48.jpg
https://tieba.baidu.com/p/5821841429,http://tiebapic.baidu.com/forum/wh%3D144%2C90/sign=a5f477d95010b912bf94fefff7c9d03a/9316fdfaaf51f3dedc6a890683eef01f3b2979f3.jpg
https://tieba.baidu.com/p/5821841429,http://tiebapic.baidu.com/forum/wh%3D200%2C90%3B/sign=17c09b58dffcc3ceb495c131a275fab1/825494eef01f3a297d25c2b48e25bc315d607cde.jpg
https://tieba.baidu.com/p/5821841429,http://tiebapic.baidu.com/forum/wh%3D90%2C99%3Bcrop%3D0%2C0%2C90%2C90/sign=400f4f793f34349b7453668cf9c62cf7/8701a18b87d6277ffb0d9c5b3f381f30e924fcb2.jpg
https://tieba.baidu.com/p/5821841429,https://imgsa.baidu.com/forum/wh%3D160%2C90/sign=ac6dddd9b212c8fcb4a6feccca33be7c/c01b9d16fdfaaf512d382e46875494eef11f7a74.jpg
