【进吧必读】电影吧新版吧规试行办法,https://tieba.baidu.com/p/5821841429,几多续,13
【进吧必读】电影吧新版吧规试行办法,https://tieba.baidu.com/p/6561740788,阿貓,13
【进吧必读】电影吧新版吧规试行办法,https://tieba.baidu.com/p/6500465367,几多续,11
【进吧必读】电影吧新版吧规试行办法,https://tieba.baidu.com/p/6072346380,几多续,14
【进吧必读】电影吧新版吧规试行办法,https://tieba.baidu.com/p/6567240925,国安厅小...,1
【进吧必读】电影吧新版吧规试行办法,https://tieba.baidu.com/p/6556121338,BeauseN,212
【进吧必读】电影吧新版吧规试行办法,https://tieba.baidu.com/p/6572072579,aeby88,0
【进吧必读】电影吧新版吧规试行办法,https://tieba.baidu.com/p/6572170631,aeby88,0
【进吧必读】电影吧新版吧规试行办法,https://tieba.baidu.com/p/6571660541,贴吧用户_...,3
【进吧必读】电影吧新版吧规试行办法,https://tieba.baidu.com/p/6572148915,odup76,0
【进吧必读】电影吧新版吧规试行办法,https://tieba.baidu.com/p/6572136554,赵图图梯,0
【进吧必读】电影吧新版吧规试行办法,https://tieba.baidu.com/p/6572137194,aeby88,0
【进吧必读】电影吧新版吧规试行办法,https://tieba.baidu.com/p/6572122129,落幕2year,0
【进吧必读】电影吧新版吧规试行办法,https://tieba.baidu.com/p/6572121908,aeby88,0
【进吧必读】电影吧新版吧规试行办法,https://tieba.baidu.com/p/6564865183,电影投资...,2
【进吧必读】电影吧新版吧规试行办法,https://tieba.baidu.com/p/6572473038,深夜资源...,7
【进吧必读】电影吧新版吧规试行办法,https://tieba.baidu.com/p/5977422055,群主分享...,22
【进吧必读】电影吧新版吧规试行办法,https://tieba.baidu.com/p/6569626298,HCIGAR99,3
【进吧必读】电影吧新版吧规试行办法,https://tieba.baidu.com/p/6572068472,大喵酱啦,2
【进吧必读】电影吧新版吧规试行办法,https://tieba.baidu.com/p/6203998142,無銘QwQ,5
【进吧必读】电影吧新版吧规试行办法,https://tieba.baidu.com/p/6571009684,空城旧...,10
【进吧必读】电影吧新版吧规试行办法,https://tieba.baidu.com/p/6568316798,荆州小年糕,230
【进吧必读】电影吧新版吧规试行办法,https://tieba.baidu.com/p/6549996953,reallovehi,1
【进吧必读】电影吧新版吧规试行办法,https://tieba.baidu.com/p/6100677739,cigarak47,17
【进吧必读】电影吧新版吧规试行办法,https://tieba.baidu.com/p/6570130878,涟漪漾流...,6
【进吧必读】电影吧新版吧规试行办法,https://tieba.baidu.com/p/6572488632,贴吧用户_...,2
【进吧必读】电影吧新版吧规试行办法,https://tieba.baidu.com/p/6572456499,知淡泊以...,1
【进吧必读】电影吧新版吧规试行办法,https://tieba.baidu.com/p/6572518245,L结局始...,1
【进吧必读】电影吧新版吧规试行办法,https://tieba.baidu.com/p/6553689250,小政哥,16
【进吧必读】电影吧新版吧规试行办法,https://tieba.baidu.com/p/6549120310,波风,0
【进吧必读】电影吧新版吧规试行办法,https://tieba.baidu.com/p/6572085784,诚信回头...,0
【进吧必读】电影吧新版吧规试行办法,https://tieba.baidu.com/p/6572477938,大白吃大...,2
【进吧必读】电影吧新版吧规试行办法,https://tieba.baidu.com/p/6572060794,说好的微...,2
【进吧必读】电影吧新版吧规试行办法,https://tieba.baidu.com/p/6572530177,z郑秋英,0
【进吧必读】电影吧新版吧规试行办法,https://tieba.baidu.com/p/6486681778,元氏黑膏...,108
【进吧必读】电影吧新版吧规试行办法,https://tieba.baidu.com/p/6572514898,阿么64,0
【进吧必读】电影吧新版吧规试行办法,https://tieba.baidu.com/p/6571486286,一路向北...,2
【进吧必读】电影吧新版吧规试行办法,https://tieba.baidu.com/p/6571586220,波灵,7
【进吧必读】电影吧新版吧规试行办法,https://tieba.baidu.com/p/6571476850,来一个脆...,6
【进吧必读】电影吧新版吧规试行办法,https://tieba.baidu.com/p/6572193051,大喵酱啦,2
【进吧必读】电影吧新版吧规试行办法,https://tieba.baidu.com/p/6571596404,我是南街...,1
【进吧必读】电影吧新版吧规试行办法,https://tieba.baidu.com/p/6572472511,暴躁小肥...,0
【进吧必读】电影吧新版吧规试行办法,https://tieba.baidu.com/p/6572245109,影音片刻,0
【进吧必读】电影吧新版吧规试行办法,https://tieba.baidu.com/p/6571877113,_Tkmxy,3
【进吧必读】电影吧新版吧规试行办法,https://tieba.baidu.com/p/6570353605,贴吧用户_...,2
【进吧必读】电影吧新版吧规试行办法,https://tieba.baidu.com/p/6571462555,玄真殿,4
【进吧必读】电影吧新版吧规试行办法,https://tieba.baidu.com/p/6572475320,林,0
【进吧必读】电影吧新版吧规试行办法,https://tieba.baidu.com/p/6572460380,官梦浅晞,0
【进吧必读】电影吧新版吧规试行办法,https://tieba.baidu.com/p/6300520058,还是你大...,17
《大赢家》已经为小可爱们整理好啦～想看的评论11,https://tieba.baidu.com/p/6571929587,贴吧用户_...,0
《大赢家》已经为小可爱们整理好啦～想看的评论11,https://tieba.baidu.com/p/6571929080,贴吧用户_...,0
《大赢家》已经为小可爱们整理好啦～想看的评论11,https://tieba.baidu.com/p/6572470590,w1234455678,0
《大赢家》已经为小可爱们整理好啦～想看的评论11,https://tieba.baidu.com/p/6568842400,威锋5,44
《大赢家》已经为小可爱们整理好啦～想看的评论11,https://tieba.baidu.com/p/6547700643,流泪的小...,16
《大赢家》已经为小可爱们整理好啦～想看的评论11,https://tieba.baidu.com/p/6571944418,贴吧用户_...,0
《大赢家》已经为小可爱们整理好啦～想看的评论11,https://tieba.baidu.com/p/6569218504,弈剑听风...,7
《大赢家》已经为小可爱们整理好啦～想看的评论11,https://tieba.baidu.com/p/6566989733,挚爱卡西...,6
《大赢家》已经为小可爱们整理好啦～想看的评论11,https://tieba.baidu.com/p/6568144800,0左手的...,4
《大赢家》已经为小可爱们整理好啦～想看的评论11,https://tieba.baidu.com/p/6572436318,dfytchyt,0
《大赢家》已经为小可爱们整理好啦～想看的评论11,https://tieba.baidu.com/p/6549069480,流泪的小...,16
《大赢家》已经为小可爱们整理好啦～想看的评论11,https://tieba.baidu.com/p/5286501158,99Q50,3972
《大赢家》已经为小可爱们整理好啦～想看的评论11,https://tieba.baidu.com/p/6572440764,掘金宝44,0
《大赢家》已经为小可爱们整理好啦～想看的评论11,https://tieba.baidu.com/p/6572035918,hweiday6142,0
《大赢家》已经为小可爱们整理好啦～想看的评论11,https://tieba.baidu.com/p/6572024173,biu哔,0
《大赢家》已经为小可爱们整理好啦～想看的评论11,https://tieba.baidu.com/p/6572003889,小宇啊嗷,0
《大赢家》已经为小可爱们整理好啦～想看的评论11,https://tieba.baidu.com/p/6571999960,X,0
《大赢家》已经为小可爱们整理好啦～想看的评论11,https://tieba.baidu.com/p/6572274075,德福伦西斯,1
《大赢家》已经为小可爱们整理好啦～想看的评论11,https://tieba.baidu.com/p/6572429674,贴吧用户_...,0
《大赢家》已经为小可爱们整理好啦～想看的评论11,https://tieba.baidu.com/p/6572434088,soho259,0
《大赢家》已经为小可爱们整理好啦～想看的评论11,https://tieba.baidu.com/p/6572424518,贴吧用户_...,0
《大赢家》已经为小可爱们整理好啦～想看的评论11,https://tieba.baidu.com/p/6157000768,天降神...,340
《大赢家》已经为小可爱们整理好啦～想看的评论11,https://tieba.baidu.com/p/6572407005,reallovehi,0
《大赢家》已经为小可爱们整理好啦～想看的评论11,https://tieba.baidu.com/p/6571981990,晴天小杰,0
《大赢家》已经为小可爱们整理好啦～想看的评论11,https://tieba.baidu.com/p/6572387735,路虎7666,0
《大赢家》已经为小可爱们整理好啦～想看的评论11,https://tieba.baidu.com/p/6571816158,RYE,7
《大赢家》已经为小可爱们整理好啦～想看的评论11,https://tieba.baidu.com/p/6532794517,xiaoxiaonanda,9
《大赢家》已经为小可爱们整理好啦～想看的评论11,https://tieba.baidu.com/p/6571923441,maohu007199,0
《大赢家》已经为小可爱们整理好啦～想看的评论11,https://tieba.baidu.com/p/6571916489,妄为之君,0
《大赢家》已经为小可爱们整理好啦～想看的评论11,https://tieba.baidu.com/p/6571914871,maohu007199,0
《大赢家》已经为小可爱们整理好啦～想看的评论11,https://tieba.baidu.com/p/6571915563,zoiq36,0
《大赢家》已经为小可爱们整理好啦～想看的评论11,https://tieba.baidu.com/p/6572367527,火爆热门...,0
《大赢家》已经为小可爱们整理好啦～想看的评论11,https://tieba.baidu.com/p/6571880076,壹壹小仙...,0
《大赢家》已经为小可爱们整理好啦～想看的评论11,https://tieba.baidu.com/p/6551368921,罗小雄mc,13
《大赢家》已经为小可爱们整理好啦～想看的评论11,https://tieba.baidu.com/p/6307965212,出yhk盾卡,2
《大赢家》已经为小可爱们整理好啦～想看的评论11,https://tieba.baidu.com/p/5523337793,荒野的心跳,10
《大赢家》已经为小可爱们整理好啦～想看的评论11,https://tieba.baidu.com/p/6571846576,影视出品...,0
《大赢家》已经为小可爱们整理好啦～想看的评论11,https://tieba.baidu.com/p/6549152167,流泪的曉...,20
《大赢家》已经为小可爱们整理好啦～想看的评论11,https://tieba.baidu.com/p/6565454737,化境tmtm,135
《大赢家》已经为小可爱们整理好啦～想看的评论11,https://tieba.baidu.com/p/6559090850,岛与世界...,10
《大赢家》已经为小可爱们整理好啦～想看的评论11,https://tieba.baidu.com/p/5828329496,flash的枪,24
《大赢家》已经为小可爱们整理好啦～想看的评论11,https://tieba.baidu.com/p/6571760578,sunweb,0
《大赢家》已经为小可爱们整理好啦～想看的评论11,https://tieba.baidu.com/p/6571757559,SakuraSword4,0
《大赢家》已经为小可爱们整理好啦～想看的评论11,https://tieba.baidu.com/p/6572286850,大片预告,1
《大赢家》已经为小可爱们整理好啦～想看的评论11,https://tieba.baidu.com/p/6571235388,tttestok,0
《大赢家》已经为小可爱们整理好啦～想看的评论11,https://tieba.baidu.com/p/6567547612,土蕃茄,6
《大赢家》已经为小可爱们整理好啦～想看的评论11,https://tieba.baidu.com/p/6564673305,那天从未...,6
《大赢家》已经为小可爱们整理好啦～想看的评论11,https://tieba.baidu.com/p/6572262848,凄凉2020,0
《大赢家》已经为小可爱们整理好啦～想看的评论11,https://tieba.baidu.com/p/6572246666,Qiankk7977,0
《大赢家》已经为小可爱们整理好啦～想看的评论11,https://tieba.baidu.com/p/6568821487,大胖子灬,19
求电影,https://tieba.baidu.com/p/6571852335,家里蹲集...,3
求电影,https://tieba.baidu.com/p/6551935702,Qiankk7977,6
求电影,https://tieba.baidu.com/p/6530809884,冬天的那...,32
求电影,https://tieba.baidu.com/p/5112096001,尝尽世间...,6633
求电影,https://tieba.baidu.com/p/6572226041,zoiq36,0
求电影,https://tieba.baidu.com/p/6109797272,zz25724195,3
求电影,https://tieba.baidu.com/p/6571643189,刘易斯,1
求电影,https://tieba.baidu.com/p/6571697487,人生,2
求电影,https://tieba.baidu.com/p/6571636803,豆辆移爬...,0
求电影,https://tieba.baidu.com/p/6572197000,雨惊夜se,0
求电影,https://tieba.baidu.com/p/5592630614,月似当时,1450
求电影,https://tieba.baidu.com/p/6553676217,掘金宝44,7
求电影,https://tieba.baidu.com/p/6572149627,一只小圆...,0
求电影,https://tieba.baidu.com/p/6569543786,狼影视7887000,25
求电影,https://tieba.baidu.com/p/6572088428,诸葛钢铁...,2
求电影,https://tieba.baidu.com/p/6570988573,秀秀秀秀...,5
求电影,https://tieba.baidu.com/p/6566234476,KoenigseggWJ,10
求电影,https://tieba.baidu.com/p/6571665783,思洋兄,0
求电影,https://tieba.baidu.com/p/6571665670,黄金帝国...,0
求电影,https://tieba.baidu.com/p/6538864251,伍止境,9
求电影,https://tieba.baidu.com/p/6568974956,一个玄儿,7
求电影,https://tieba.baidu.com/p/6572110404,霸气鼻涕娃i,0
求电影,https://tieba.baidu.com/p/6544037867,傻雕真克...,6
求电影,https://tieba.baidu.com/p/5232798682,眼泪融化了,49846
求电影,https://tieba.baidu.com/p/6571672538,Forever丶Going,1
求电影,https://tieba.baidu.com/p/6572122944,唱着山歌...,0
求电影,https://tieba.baidu.com/p/6568951701,一十七呀,30
求电影,https://tieba.baidu.com/p/6565077350,三丿一川,7
求电影,https://tieba.baidu.com/p/6570880430,唱着山歌...,3
求电影,https://tieba.baidu.com/p/6310108294,飞絮飘零...,58
求电影,https://tieba.baidu.com/p/6571568268,羊羊羊3993,1
求电影,https://tieba.baidu.com/p/6571315632,尽莉w,5
求电影,https://tieba.baidu.com/p/6571970355,感性的好...,1
求电影,https://tieba.baidu.com/p/6571763471,嵩鼠派,3
求电影,https://tieba.baidu.com/p/6572068074,贴吧用户_...,2
求电影,https://tieba.baidu.com/p/6552368221,yxyxl,5
求电影,https://tieba.baidu.com/p/6571173777,疯子MMY,2
求电影,https://tieba.baidu.com/p/6572057987,夕颜cic,0
求电影,https://tieba.baidu.com/p/6571903800,香橙际,2
求电影,https://tieba.baidu.com/p/6571100432,李,1
求电影,https://tieba.baidu.com/p/6571568818,沐雨橙枫,0
求电影,https://tieba.baidu.com/p/6571490607,sunweb,1
求电影,https://tieba.baidu.com/p/6571761230,历史长河...,1
求电影,https://tieba.baidu.com/p/6572034041,shuoyl,0
求电影,https://tieba.baidu.com/p/6571459839,chriszhx,3
求电影,https://tieba.baidu.com/p/6563010146,最帅的渣...,5
求电影,https://tieba.baidu.com/p/6570456867,深海老鸭,8
求电影,https://tieba.baidu.com/p/6248646582,千寻一醉,4
求电影,https://tieba.baidu.com/p/6478054047,贴吧用户_...,139
求电影,https://tieba.baidu.com/p/6530221370,安之若干年,15
